step,time_fs,temperature_K,kinetic_eV,potential_eV,total_eV,pressure_GPa,volume_A3,a_A,b_A,c_A,alpha_deg,beta_deg,gamma_deg
0,0.0,101.24317215131929,12.981994379177147,-996533.9058883969,-996520.9238940177,-0.7273268601654411,8400.603278116288,22.088,16.962,22.428,90.0,91.30999999999999,90.0
10,10.0,101.74277969135673,13.046056993363779,-996533.9665650158,-996520.9205080225,-0.8746291022717266,8400.603278116288,22.088,16.962,22.428,90.0,91.30999999999999,90.0
20,20.0,101.32141379322115,12.99202698220414,-996533.9041494947,-996520.9121225125,-0.5583148128687927,8400.603278116288,22.088,16.962,22.428,90.0,91.30999999999999,90.0
30,30.0,100.97120373075253,12.947120990363981,-996533.8525869987,-996520.9054660083,-0.41420458823610123,8400.603278116288,22.088,16.962,22.428,90.0,91.30999999999999,90.0
40,40.0,100.18795035013218,12.846687639959992,-996533.756046523,-996520.909358883,-0.7509521573503053,8400.603278116288,22.088,16.962,22.428,90.0,91.30999999999999,90.0
50,50.0,100.6549202958919,12.90656527004883,-996533.8223409877,-996520.9157757177,-0.6940379713512499,8400.603278116288,22.088,16.962,22.428,90.0,91.30999999999999,90.0
60,60.0,101.02999926533023,12.954660099255864,-996533.8551149513,-996520.900454852,-0.6063545339115999,8400.603278116288,22.088,16.962,22.428,90.0,91.30999999999999,90.0
70,70.0,102.25884863221918,13.1122303850818,-996534.041458884,-996520.929228499,-0.5363331989577567,8400.603278116288,22.088,16.962,22.428,90.0,91.30999999999999,90.0
80,80.0,101.24386655718722,12.982083419977458,-996533.9278255793,-996520.9457421594,-0.8551773386896733,8400.603278116288,22.088,16.962,22.428,90.0,91.30999999999999,90.0
90,90.0,97.1807056638111,12.461081057460968,-996533.3931001328,-996520.9320190754,-0.7798889989533291,8400.603278116288,22.088,16.962,22.428,90.0,91.30999999999999,90.0
100,100.0,100.2927189555959,12.860121686111878,-996533.797577792,-996520.9374561058,-0.48454822089783356,8400.603278116288,22.088,16.962,22.428,90.0,91.30999999999999,90.0
110,110.0,100.41677852556045,12.876029333074538,-996533.8290954446,-996520.9530661115,-0.6934688074831342,8400.603278116288,22.088,16.962,22.428,90.0,91.30999999999999,90.0
120,120.0,98.23782620158761,12.596631263839488,-996533.5274605657,-996520.9308293018,-0.7241321452780161,8400.603278116288,22.088,16.962,22.428,90.0,91.30999999999999,90.0
130,130.0,101.99223849109794,13.078044066341267,-996534.0351428239,-996520.9570987576,-0.7723587413203286,8400.603278116288,22.088,16.962,22.428,90.0,91.30999999999999,90.0
140,140.0,100.69502648747424,12.91170792157415,-996533.8574927389,-996520.9457848173,-0.5760404559723928,8400.603278116288,22.088,16.962,22.428,90.0,91.30999999999999,90.0
150,150.0,99.16239513737324,12.715184925014697,-996533.6615378123,-996520.9463528873,-0.7050047840486512,8400.603278116288,22.088,16.962,22.428,90.0,91.30999999999999,90.0
160,160.0,95.5089228153855,12.246715238213145,-996533.1970768293,-996520.9503615911,-0.8168845101134024,8400.603278116288,22.088,16.962,22.428,90.0,91.30999999999999,90.0
170,170.0,99.79360180928491,12.796121953090122,-996533.7607400618,-996520.9646181087,-0.45709020602611583,8400.603278116288,22.088,16.962,22.428,90.0,91.30999999999999,90.0
180,180.0,98.18933088990345,12.590412910045128,-996533.5687188403,-996520.9783059302,-0.49396956080495386,8400.603278116288,22.088,16.962,22.428,90.0,91.30999999999999,90.0
190,190.0,99.15831435623073,12.71466166328031,-996533.6701466093,-996520.955484946,-0.5790376971867841,8400.603278116288,22.088,16.962,22.428,90.0,91.30999999999999,90.0
200,200.0,100.9664899751283,12.946516564922558,-996533.9112077348,-996520.9646911699,-0.5024744769385185,8400.603278116288,22.088,16.962,22.428,90.0,91.30999999999999,90.0
210,210.0,99.42709528717933,12.749126333446803,-996533.6876984118,-996520.9385720784,-0.4562563084274235,8400.603278116288,22.088,16.962,22.428,90.0,91.30999999999999,90.0
220,220.0,97.48597021305835,12.500223871522214,-996533.3933345163,-996520.8931106448,-0.587564680336922,8400.603278116288,22.088,16.962,22.428,90.0,91.30999999999999,90.0
230,230.0,99.95357835814296,12.816635086113763,-996533.7199658924,-996520.9033308063,-0.6745771337977204,8400.603278116288,22.088,16.962,22.428,90.0,91.30999999999999,90.0
240,240.0,101.21570617677125,12.978472530546522,-996533.8887293382,-996520.9102568077,-0.6486780385638135,8400.603278116288,22.088,16.962,22.428,90.0,91.30999999999999,90.0
250,250.0,99.23609042956298,12.724634568369895,-996533.6392390255,-996520.9146044572,-0.8033369331450367,8400.603278116288,22.088,16.962,22.428,90.0,91.30999999999999,90.0
260,260.0,99.88046860871502,12.80726052449179,-996533.7355987728,-996520.9283382483,-0.5911193863533855,8400.603278116288,22.088,16.962,22.428,90.0,91.30999999999999,90.0
270,270.0,100.02416961423222,12.82568671172265,-996533.7464765756,-996520.9207898639,-0.6624317022761353,8400.603278116288,22.088,16.962,22.428,90.0,91.30999999999999,90.0
280,280.0,98.59865474687842,12.64289881993513,-996533.5596787181,-996520.9167798981,-0.670954920368116,8400.603278116288,22.088,16.962,22.428,90.0,91.30999999999999,90.0
290,290.0,98.85663947275535,12.67597913725512,-996533.5929406864,-996520.9169615491,-0.5134229298856055,8400.603278116288,22.088,16.962,22.428,90.0,91.30999999999999,90.0
300,300.0,102.14092519521009,13.097109549139033,-996534.0234072759,-996520.9262977268,-0.6486663528762916,8400.603278116288,22.088,16.962,22.428,90.0,91.30999999999999,90.0
310,310.0,98.670489339268,12.652109873429565,-996533.586216567,-996520.9341066935,-0.6382031721429872,8400.603278116288,22.088,16.962,22.428,90.0,91.30999999999999,90.0
320,320.0,101.71522433872543,13.042523684150185,-996533.9862243044,-996520.9437006203,-0.5811686946907191,8400.603278116288,22.088,16.962,22.428,90.0,91.30999999999999,90.0
330,330.0,102.02288614606871,13.081973888729397,-996534.0572776534,-996520.9753037647,-0.6848430143159068,8400.603278116288,22.088,16.962,22.428,90.0,91.30999999999999,90.0
340,340.0,99.26235272648277,12.728002074382918,-996533.7211235329,-996520.9931214585,-1.000893138759116,8400.603278116288,22.088,16.962,22.428,90.0,91.30999999999999,90.0
350,350.0,99.84759823371547,12.803045691882161,-996533.7910257345,-996520.9879800426,-0.8345501578334054,8400.603278116288,22.088,16.962,22.428,90.0,91.30999999999999,90.0
360,360.0,98.5490545111685,12.636538786290298,-996533.6179696198,-996520.9814308335,-0.8217806601363029,8400.603278116288,22.088,16.962,22.428,90.0,91.30999999999999,90.0
370,370.0,95.99104886710634,12.308536273256774,-996533.2722187171,-996520.9636824438,-0.9053336234284085,8400.603278116288,22.088,16.962,22.428,90.0,91.30999999999999,90.0
380,380.0,95.74781479549773,12.277347371493326,-996533.2054728866,-996520.9281255151,-0.7166825969583713,8400.603278116288,22.088,16.962,22.428,90.0,91.30999999999999,90.0
390,390.0,97.57079051981617,12.511100029609441,-996533.4036595203,-996520.8925594907,-0.6309871498767068,8400.603278116288,22.088,16.962,22.428,90.0,91.30999999999999,90.0
400,400.0,99.33336515351422,12.737107705004568,-996533.6146334857,-996520.8775257807,-0.5831861912218647,8400.603278116288,22.088,16.962,22.428,90.0,91.30999999999999,90.0
410,410.0,99.02690455814907,12.697811526882814,-996533.5537742059,-996520.855962679,-0.5424524802177642,8400.603278116288,22.088,16.962,22.428,90.0,91.30999999999999,90.0
420,420.0,100.57142162813001,12.895858580278842,-996533.7348020957,-996520.8389435154,-0.33457176042810943,8400.603278116288,22.088,16.962,22.428,90.0,91.30999999999999,90.0
430,430.0,101.0984886753902,12.963442213817652,-996533.808625274,-996520.8451830602,-0.4124834876520664,8400.603278116288,22.088,16.962,22.428,90.0,91.30999999999999,90.0
440,440.0,100.65661951511699,12.906783153921495,-996533.7642172748,-996520.857434121,-0.46964369372111725,8400.603278116288,22.088,16.962,22.428,90.0,91.30999999999999,90.0
450,450.0,102.37219798469745,13.126764705031364,-996533.9991765548,-996520.8724118498,-0.5508058556676634,8400.603278116288,22.088,16.962,22.428,90.0,91.30999999999999,90.0
460,460.0,100.38313173174421,12.871714943482448,-996533.7390666291,-996520.8673516857,-0.6677879000716,8400.603278116288,22.088,16.962,22.428,90.0,91.30999999999999,90.0
470,470.0,101.31279234399784,12.99092148933011,-996533.8707155914,-996520.879794102,-0.7757661252864826,8400.603278116288,22.088,16.962,22.428,90.0,91.30999999999999,90.0
480,480.0,102.56526749256302,13.151521211693911,-996534.0258199504,-996520.8742987387,-1.017648735069707,8400.603278116288,22.088,16.962,22.428,90.0,91.30999999999999,90.0
490,490.0,102.74999505526137,13.1752080651347,-996534.0814625826,-996520.9062545175,-0.7918221682354416,8400.603278116288,22.088,16.962,22.428,90.0,91.30999999999999,90.0
500,500.0,101.38260947049795,12.999873851494742,-996533.9197869229,-996520.9199130713,-0.8829352317461475,8400.603278116288,22.088,16.962,22.428,90.0,91.30999999999999,90.0
510,510.0,103.19058434824154,13.23170301292679,-996534.1680636784,-996520.9363606655,-0.9923543006307504,8400.603278116288,22.088,16.962,22.428,90.0,91.30999999999999,90.0
520,520.0,100.74389104275078,12.917973621951385,-996533.8765934728,-996520.9586198508,-0.7998737621966853,8400.603278116288,22.088,16.962,22.428,90.0,91.30999999999999,90.0
530,530.0,101.73291518146536,13.04479210794739,-996533.9964287111,-996520.9516366031,-0.8052622831073395,8400.603278116288,22.088,16.962,22.428,90.0,91.30999999999999,90.0
540,540.0,98.55313788845254,12.637062380917204,-996533.6046315652,-996520.9675691843,-0.6348008176573117,8400.603278116288,22.088,16.962,22.428,90.0,91.30999999999999,90.0
550,550.0,101.55526349993391,13.022012565563578,-996533.9990406921,-996520.9770281266,-0.6473278597121437,8400.603278116288,22.088,16.962,22.428,90.0,91.30999999999999,90.0
560,560.0,102.181947514056,13.10236967188472,-996534.1144818532,-996521.0121121813,-0.6004592310562822,8400.603278116288,22.088,16.962,22.428,90.0,91.30999999999999,90.0
570,570.0,101.56831503812354,13.023686110473491,-996534.0756253419,-996521.0519392313,-0.6562279024587108,8400.603278116288,22.088,16.962,22.428,90.0,91.30999999999999,90.0
580,580.0,100.42323149855194,12.87685677118542,-996533.9592458932,-996521.082389122,-0.7086029588359547,8400.603278116288,22.088,16.962,22.428,90.0,91.30999999999999,90.0
590,590.0,102.57235472971936,13.152429978882576,-996534.248348084,-996521.0959181052,-0.629789482604671,8400.603278116288,22.088,16.962,22.428,90.0,91.30999999999999,90.0
600,600.0,101.804638913101,13.053988946224601,-996534.1484923292,-996521.0945033829,-0.6968497789034668,8400.603278116288,22.088,16.962,22.428,90.0,91.30999999999999,90.0
610,610.0,97.9504974256806,12.559788280016088,-996533.6291034429,-996521.0693151628,-0.54862133676212,8400.603278116288,22.088,16.962,22.428,90.0,91.30999999999999,90.0
620,620.0,102.04238540560469,13.084474198353396,-996534.1184836475,-996521.0340094491,-0.533462006138219,8400.603278116288,22.088,16.962,22.428,90.0,91.30999999999999,90.0
630,630.0,97.91701507670426,12.555494976507553,-996533.5313520336,-996520.9758570571,-0.5061174230437236,8400.603278116288,22.088,16.962,22.428,90.0,91.30999999999999,90.0
640,640.0,97.78665569472862,12.538779530634805,-996533.4879234987,-996520.949143968,-0.5541433620147604,8400.603278116288,22.088,16.962,22.428,90.0,91.30999999999999,90.0
650,650.0,97.18128079621243,12.46115480431661,-996533.3994049643,-996520.93825016,-0.6096566120399627,8400.603278116288,22.088,16.962,22.428,90.0,91.30999999999999,90.0
660,660.0,98.03121726838171,12.570138652510025,-996533.5139134979,-996520.9437748455,-0.3766475628781922,8400.603278116288,22.088,16.962,22.428,90.0,91.30999999999999,90.0
670,670.0,99.81265228479037,12.798564716988935,-996533.7664824794,-996520.9679177625,-0.49734512874078335,8400.603278116288,22.088,16.962,22.428,90.0,91.30999999999999,90.0
680,680.0,103.55356452410778,13.278246463736544,-996534.2672714724,-996520.9890250086,-0.6401836894073976,8400.603278116288,22.088,16.962,22.428,90.0,91.30999999999999,90.0
690,690.0,100.14002131149218,12.840541897022444,-996533.8081955055,-996520.9676536085,-0.6735797135762347,8400.603278116288,22.088,16.962,22.428,90.0,91.30999999999999,90.0
700,700.0,98.75911610633415,12.66347411822207,-996533.6045789358,-996520.9411048176,-0.6813607718171381,8400.603278116288,22.088,16.962,22.428,90.0,91.30999999999999,90.0
710,710.0,101.55974913181367,13.022587739638162,-996533.9644380991,-996520.9418503594,-0.5594541708112879,8400.603278116288,22.088,16.962,22.428,90.0,91.30999999999999,90.0
720,720.0,99.65107244880919,12.777846001070383,-996533.7128845312,-996520.9350385302,-0.7278160268647191,8400.603278116288,22.088,16.962,22.428,90.0,91.30999999999999,90.0
730,730.0,101.69111577608022,13.039432342599937,-996533.9779439744,-996520.9385116318,-0.7214094132396381,8400.603278116288,22.088,16.962,22.428,90.0,91.30999999999999,90.0
740,740.0,100.77428455902954,12.921870857183254,-996533.8662888622,-996520.9444180051,-0.5935775386572557,8400.603278116288,22.088,16.962,22.428,90.0,91.30999999999999,90.0
750,750.0,100.16044072942792,12.843160194762776,-996533.7491789738,-996520.906018779,-0.6349427558554889,8400.603278116288,22.088,16.962,22.428,90.0,91.30999999999999,90.0
760,760.0,98.44460631585955,12.623145825010997,-996533.5291670199,-996520.9060211949,-0.7779516561966948,8400.603278116288,22.088,16.962,22.428,90.0,91.30999999999999,90.0
770,770.0,100.9482738413441,12.944180785221352,-996533.8761669152,-996520.93198613,-0.7304554924791625,8400.603278116288,22.088,16.962,22.428,90.0,91.30999999999999,90.0
780,780.0,99.93904957958785,12.814772120764781,-996533.7490175972,-996520.9342454764,-0.6363037449432413,8400.603278116288,22.088,16.962,22.428,90.0,91.30999999999999,90.0
790,790.0,100.88444214720819,12.935995910361374,-996533.8563750369,-996520.9203791266,-0.6171411498812875,8400.603278116288,22.088,16.962,22.428,90.0,91.30999999999999,90.0
800,800.0,96.7992974365863,12.41217465363352,-996533.3554221309,-996520.9432474773,-0.672294232677766,8400.603278116288,22.088,16.962,22.428,90.0,91.30999999999999,90.0
810,810.0,99.1532397667484,12.714010969601553,-996533.6075673746,-996520.893556405,-0.6975330779960593,8400.603278116288,22.088,16.962,22.428,90.0,91.30999999999999,90.0
820,820.0,99.61386775406989,12.773075396517786,-996533.6481365275,-996520.875061131,-0.6097053289505217,8400.603278116288,22.088,16.962,22.428,90.0,91.30999999999999,90.0
830,830.0,101.14640325483268,12.969586102711938,-996533.8817881207,-996520.912202018,-0.5985237866205021,8400.603278116288,22.088,16.962,22.428,90.0,91.30999999999999,90.0
840,840.0,101.09299225659184,12.96273743070557,-996533.8859229159,-996520.9231854852,-0.5876334104962669,8400.603278116288,22.088,16.962,22.428,90.0,91.30999999999999,90.0
850,850.0,99.93843607930116,12.814693454153451,-996533.7421710341,-996520.9274775799,-0.42747120347793865,8400.603278116288,22.088,16.962,22.428,90.0,91.30999999999999,90.0
860,860.0,98.68841075826492,12.654407863069174,-996533.5751280078,-996520.9207201448,-0.45043811310360027,8400.603278116288,22.088,16.962,22.428,90.0,91.30999999999999,90.0
870,870.0,102.19271406885196,13.103750222798663,-996534.0425701026,-996520.9388198798,-0.7009299470858429,8400.603278116288,22.088,16.962,22.428,90.0,91.30999999999999,90.0
880,880.0,103.82508496876518,13.313062410446566,-996534.2329731754,-996520.9199107649,-0.6257860688328778,8400.603278116288,22.088,16.962,22.428,90.0,91.30999999999999,90.0
890,890.0,100.74382521144126,12.917965180674093,-996533.8314031372,-996520.9134379565,-0.6143133939123412,8400.603278116288,22.088,16.962,22.428,90.0,91.30999999999999,90.0
900,900.0,98.55830368317683,12.637724769467955,-996533.5419382444,-996520.904213475,-0.8746881577396018,8400.603278116288,22.088,16.962,22.428,90.0,91.30999999999999,90.0
910,910.0,98.00016288407313,12.566156676896497,-996533.4577155919,-996520.891558915,-0.5772004249057316,8400.603278116288,22.088,16.962,22.428,90.0,91.30999999999999,90.0
920,920.0,100.67792825944785,12.909515486317373,-996533.8026159785,-996520.8931004922,-0.5624782523233314,8400.603278116288,22.088,16.962,22.428,90.0,91.30999999999999,90.0
930,930.0,100.72489378515566,12.915537681965713,-996533.8455514641,-996520.9300137821,-0.8084930807623348,8400.603278116288,22.088,16.962,22.428,90.0,91.30999999999999,90.0
940,940.0,98.982541149857,12.692122990018046,-996533.6311103243,-996520.9389873343,-0.7506506743784568,8400.603278116288,22.088,16.962,22.428,90.0,91.30999999999999,90.0
950,950.0,100.67207638356588,12.908765124409571,-996533.8554897633,-996520.9467246389,-0.5611166570343981,8400.603278116288,22.088,16.962,22.428,90.0,91.30999999999999,90.0
960,960.0,99.34853850260743,12.739053320975064,-996533.6877808906,-996520.9487275697,-0.4677495094590562,8400.603278116288,22.088,16.962,22.428,90.0,91.30999999999999,90.0
970,970.0,98.5794568409613,12.640437151642718,-996533.5590983174,-996520.9186611657,-0.8150071852352397,8400.603278116288,22.088,16.962,22.428,90.0,91.30999999999999,90.0
980,980.0,99.79127116144183,12.795823103730152,-996533.7011328082,-996520.9053097045,-0.552392085256152,8400.603278116288,22.088,16.962,22.428,90.0,91.30999999999999,90.0
990,990.0,98.49918496822033,12.630144220489083,-996533.5287872553,-996520.8986430347,-0.4541098645384966,8400.603278116288,22.088,16.962,22.428,90.0,91.30999999999999,90.0
1000,1000.0,99.19936443106616,12.719925345062048,-996533.5910291673,-996520.8711038223,-0.7451618765122439,8400.603278116288,22.088,16.962,22.428,90.0,91.30999999999999,90.0
1010,1010.0,103.35939516856605,13.253348928142897,-996534.1269021893,-996520.8735532612,-0.8429489697184414,8400.603278116288,22.088,16.962,22.428,90.0,91.30999999999999,90.0
1020,1020.0,101.42231907925645,13.0049656508403,-996533.8960372973,-996520.8910716465,-0.8193801712881585,8400.603278116288,22.088,16.962,22.428,90.0,91.30999999999999,90.0
1030,1030.0,100.21531501333183,12.85019649785428,-996533.7407964801,-996520.8905999822,-0.6779435238566737,8400.603278116288,22.088,16.962,22.428,90.0,91.30999999999999,90.0
1040,1040.0,102.83831258405111,13.186532657578502,-996534.0941465985,-996520.9076139409,-0.9221043508814613,8400.603278116288,22.088,16.962,22.428,90.0,91.30999999999999,90.0
1050,1050.0,100.6638874740029,12.907715094312142,-996533.8208624361,-996520.9131473418,-0.8411015066861409,8400.603278116288,22.088,16.962,22.428,90.0,91.30999999999999,90.0
1060,1060.0,95.39372121652201,12.231943412349345,-996533.1415301682,-996520.9095867559,-0.6581758921220019,8400.603278116288,22.088,16.962,22.428,90.0,91.30999999999999,90.0
1070,1070.0,98.98936428939435,12.692997893058319,-996533.6016654551,-996520.9086675621,-0.8094642976530102,8400.603278116288,22.088,16.962,22.428,90.0,91.30999999999999,90.0
1080,1080.0,98.86567537085762,12.677137773199467,-996533.568451299,-996520.8913135257,-0.8200816399361736,8400.603278116288,22.088,16.962,22.428,90.0,91.30999999999999,90.0
1090,1090.0,97.0660900963217,12.446384375983133,-996533.3366293326,-996520.8902449566,-0.7971596112019695,8400.603278116288,22.088,16.962,22.428,90.0,91.30999999999999,90.0
1100,1100.0,101.43793185075762,13.006967612133735,-996533.9011254642,-996520.8941578522,-0.548823910305066,8400.603278116288,22.088,16.962,22.428,90.0,91.30999999999999,90.0
1110,1110.0,103.41066054985241,13.259922476536966,-996534.1834607442,-996520.9235382677,-0.6820849792365917,8400.603278116288,22.088,16.962,22.428,90.0,91.30999999999999,90.0
1120,1120.0,100.5347733587538,12.89115932385553,-996533.808518543,-996520.9173592192,-0.7119942669879941,8400.603278116288,22.088,16.962,22.428,90.0,91.30999999999999,90.0
1130,1130.0,100.93515793791903,12.942498987022777,-996533.8735669313,-996520.9310679443,-0.537280079594672,8400.603278116288,22.088,16.962,22.428,90.0,91.30999999999999,90.0
1140,1140.0,100.10646889747377,12.836239609362554,-996533.7577444391,-996520.9215048297,-0.7548194492188954,8400.603278116288,22.088,16.962,22.428,90.0,91.30999999999999,90.0
1150,1150.0,98.15076981918479,12.58546838299518,-996533.4830429609,-996520.8975745778,-0.7026176785904509,8400.603278116288,22.088,16.962,22.428,90.0,91.30999999999999,90.0
1160,1160.0,94.76277522492737,12.151039810235774,-996533.0311855146,-996520.8801457044,-0.7669496981953973,8400.603278116288,22.088,16.962,22.428,90.0,91.30999999999999,90.0
1170,1170.0,98.73217448781169,12.660019505601856,-996533.5407357592,-996520.8807162535,-0.7730213654826416,8400.603278116288,22.088,16.962,22.428,90.0,91.30999999999999,90.0
1180,1180.0,98.96853475659023,12.690327007979969,-996533.5916140162,-996520.9012870082,-0.8205366296299417,8400.603278116288,22.088,16.962,22.428,90.0,91.30999999999999,90.0
1190,1190.0,101.77232518981083,13.04984549076771,-996533.9784780246,-996520.9286325339,-0.8828395302307128,8400.603278116288,22.088,16.962,22.428,90.0,91.30999999999999,90.0
1200,1200.0,103.63320184128398,13.288458028447385,-996534.2605115498,-996520.9720535213,-0.6991845622861321,8400.603278116288,22.088,16.962,22.428,90.0,91.30999999999999,90.0
1210,1210.0,102.80961037724644,13.18285229198455,-996534.1552401115,-996520.9723878196,-0.7383924034946511,8400.603278116288,22.088,16.962,22.428,90.0,91.30999999999999,90.0
1220,1220.0,101.36004559668378,12.996980579022104,-996533.9574613553,-996520.9604807763,-0.6199066431068115,8400.603278116288,22.088,16.962,22.428,90.0,91.30999999999999,90.0
1230,1230.0,100.76809169353206,12.921076771583495,-996533.894370897,-996520.9732941254,-0.5483316836921254,8400.603278116288,22.088,16.962,22.428,90.0,91.30999999999999,90.0
1240,1240.0,101.12202815838674,12.966460584631765,-996533.9276867528,-996520.9612261681,-0.5525422545549424,8400.603278116288,22.088,16.962,22.428,90.0,91.30999999999999,90.0
1250,1250.0,96.03310930848062,12.313929510172448,-996533.2587962493,-996520.9448667391,-0.5897133849104832,8400.603278116288,22.088,16.962,22.428,90.0,91.30999999999999,90.0
1260,1260.0,97.70787235152713,12.528677467484453,-996533.4689700033,-996520.9402925358,-0.7594739900298484,8400.603278116288,22.088,16.962,22.428,90.0,91.30999999999999,90.0
1270,1270.0,98.44246219280632,12.622870892955493,-996533.5642749285,-996520.9414040355,-0.6057263265000067,8400.603278116288,22.088,16.962,22.428,90.0,91.30999999999999,90.0
1280,1280.0,101.21327683035223,12.97816102547525,-996533.9263434311,-996520.9481824057,-0.6312610282188328,8400.603278116288,22.088,16.962,22.428,90.0,91.30999999999999,90.0
1290,1290.0,99.38894286153888,12.744234205269745,-996533.6973525522,-996520.953118347,-0.7947150641595421,8400.603278116288,22.088,16.962,22.428,90.0,91.30999999999999,90.0
1300,1300.0,102.30841154063417,13.118585632401564,-996534.063019734,-996520.9444341016,-0.6730982060712305,8400.603278116288,22.088,16.962,22.428,90.0,91.30999999999999,90.0
1310,1310.0,100.65572847634711,12.906668899695195,-996533.8345888939,-996520.9279199942,-0.5665425908272103,8400.603278116288,22.088,16.962,22.428,90.0,91.30999999999999,90.0
1320,1320.0,100.24655900635064,12.854202786210664,-996533.7737214803,-996520.919518694,-0.8630532614290233,8400.603278116288,22.088,16.962,22.428,90.0,91.30999999999999,90.0
1330,1330.0,99.52325806679454,12.761456890045572,-996533.6628367307,-996520.9013798407,-0.7858780383883344,8400.603278116288,22.088,16.962,22.428,90.0,91.30999999999999,90.0
1340,1340.0,99.71059882284065,12.785478822491015,-996533.6919377032,-996520.9064588806,-0.5302459660573738,8400.603278116288,22.088,16.962,22.428,90.0,91.30999999999999,90.0
1350,1350.0,99.46674330303479,12.754210234988449,-996533.6521272424,-996520.8979170074,-0.4913995687899547,8400.603278116288,22.088,16.962,22.428,90.0,91.30999999999999,90.0
1360,1360.0,99.67673656094442,12.781136804315745,-996533.6688291398,-996520.8876923355,-0.6600627789918107,8400.603278116288,22.088,16.962,22.428,90.0,91.30999999999999,90.0
1370,1370.0,101.11207840916347,12.965184769327424,-996533.8533195397,-996520.8881347703,-0.6345063889550704,8400.603278116288,22.088,16.962,22.428,90.0,91.30999999999999,90.0
1380,1380.0,103.09296624341417,13.219185845978673,-996534.1326133359,-996520.9134274899,-0.5469764441224628,8400.603278116288,22.088,16.962,22.428,90.0,91.30999999999999,90.0
1390,1390.0,102.65368408230421,13.16285850631493,-996534.1079921039,-996520.9451335976,-0.7040880203868187,8400.603278116288,22.088,16.962,22.428,90.0,91.30999999999999,90.0
1400,1400.0,105.80006388765507,13.566305811252906,-996534.519566481,-996520.9532606697,-0.6636340121725478,8400.603278116288,22.088,16.962,22.428,90.0,91.30999999999999,90.0
1410,1410.0,100.11107558186815,12.836830305501797,-996533.8020796203,-996520.9652493148,-0.6439484352655217,8400.603278116288,22.088,16.962,22.428,90.0,91.30999999999999,90.0
1420,1420.0,96.25219985765847,12.342022587636544,-996533.2946310197,-996520.952608432,-0.603857864616177,8400.603278116288,22.088,16.962,22.428,90.0,91.30999999999999,90.0
1430,1430.0,95.10133325702952,12.194451710281799,-996533.1162590573,-996520.921807347,-0.5383528790538052,8400.603278116288,22.088,16.962,22.428,90.0,91.30999999999999,90.0
1440,1440.0,96.5582403301058,12.381264895129378,-996533.2713568179,-996520.8900919228,-0.6688908929076228,8400.603278116288,22.088,16.962,22.428,90.0,91.30999999999999,90.0
1450,1450.0,97.88346027673752,12.55119238290735,-996533.4316950315,-996520.8805026485,-0.44649579989638505,8400.603278116288,22.088,16.962,22.428,90.0,91.30999999999999,90.0
1460,1460.0,97.2291934442529,12.467298445555183,-996533.3338544535,-996520.866556008,-0.5513801749744578,8400.603278116288,22.088,16.962,22.428,90.0,91.30999999999999,90.0
1470,1470.0,100.14764373715363,12.84151928922569,-996533.7048580754,-996520.8633387862,-0.5377916921784202,8400.603278116288,22.088,16.962,22.428,90.0,91.30999999999999,90.0
1480,1480.0,101.88496060989935,13.064288266111612,-996533.9484378018,-996520.8841495357,-0.5945292021721469,8400.603278116288,22.088,16.962,22.428,90.0,91.30999999999999,90.0
1490,1490.0,101.64972317620857,13.034124740245577,-996533.9135667643,-996520.879442024,-0.8163402801169285,8400.603278116288,22.088,16.962,22.428,90.0,91.30999999999999,90.0
1500,1500.0,100.73401221569212,12.916706900703687,-996533.797364371,-996520.8806574703,-0.8324499185580927,8400.603278116288,22.088,16.962,22.428,90.0,91.30999999999999,90.0
1510,1510.0,102.10497756342518,13.092500132584217,-996533.9732559276,-996520.8807557949,-0.9045113643990805,8400.603278116288,22.088,16.962,22.428,90.0,91.30999999999999,90.0
1520,1520.0,102.07364001408222,13.088481847886268,-996534.0027458437,-996520.9142639958,-0.8651274688768614,8400.603278116288,22.088,16.962,22.428,90.0,91.30999999999999,90.0
1530,1530.0,97.29210789845922,12.47536570652222,-996533.3910081699,-996520.9156424634,-0.8424593396818316,8400.603278116288,22.088,16.962,22.428,90.0,91.30999999999999,90.0
1540,1540.0,99.6910427424995,12.782971226969531,-996533.6807582075,-996520.8977869805,-0.8985843290645759,8400.603278116288,22.088,16.962,22.428,90.0,91.30999999999999,90.0
1550,1550.0,99.17112049021652,12.716303741021356,-996533.6116472533,-996520.8953435123,-0.7115110399894405,8400.603278116288,22.088,16.962,22.428,90.0,91.30999999999999,90.0
1560,1560.0,101.29808709684065,12.989035896140145,-996533.8820588371,-996520.893022941,-0.7870428625522379,8400.603278116288,22.088,16.962,22.428,90.0,91.30999999999999,90.0
1570,1570.0,101.33379297584821,12.99361431373345,-996533.9025425676,-996520.9089282538,-0.7283842483712086,8400.603278116288,22.088,16.962,22.428,90.0,91.30999999999999,90.0
1580,1580.0,101.15831555284004,12.97111356755217,-996533.9095008849,-996520.9383873174,-0.7636150188114098,8400.603278116288,22.088,16.962,22.428,90.0,91.30999999999999,90.0
1590,1590.0,100.44937441618352,12.880208969684704,-996533.819206878,-996520.9389979083,-0.6292702505806987,8400.603278116288,22.088,16.962,22.428,90.0,91.30999999999999,90.0
1600,1600.0,98.98679430343856,12.692668354359327,-996533.6393768501,-996520.9467084957,-0.5718698159199814,8400.603278116288,22.088,16.962,22.428,90.0,91.30999999999999,90.0
1610,1610.0,96.79865697472349,12.412092529850488,-996533.3487425777,-996520.9366500479,-0.6787871002341178,8400.603278116288,22.088,16.962,22.428,90.0,91.30999999999999,90.0
1620,1620.0,97.59484395545381,12.514184302450882,-996533.4232987117,-996520.9091144092,-0.5718422191114967,8400.603278116288,22.088,16.962,22.428,90.0,91.30999999999999,90.0
1630,1630.0,97.78913096749807,12.539096924652565,-996533.4348827224,-996520.8957857977,-0.6400355207465408,8400.603278116288,22.088,16.962,22.428,90.0,91.30999999999999,90.0
1640,1640.0,102.07079254167367,13.088116728243953,-996533.9770073444,-996520.8888906161,-0.6299906082755629,8400.603278116288,22.088,16.962,22.428,90.0,91.30999999999999,90.0
1650,1650.0,96.89509313432319,12.42445814083709,-996533.2874862939,-996520.8630281531,-0.7204518023225571,8400.603278116288,22.088,16.962,22.428,90.0,91.30999999999999,90.0
1660,1660.0,98.67783211835405,12.653051407705872,-996533.5158655242,-996520.8628141165,-0.5837070266113087,8400.603278116288,22.088,16.962,22.428,90.0,91.30999999999999,90.0
1670,1670.0,101.22957642274632,12.980251054978936,-996533.864721623,-996520.884470568,-0.4528956952836235,8400.603278116288,22.088,16.962,22.428,90.0,91.30999999999999,90.0
1680,1680.0,100.18355614124346,12.846124188678466,-996533.705912011,-996520.8597878224,-0.8594587524574158,8400.603278116288,22.088,16.962,22.428,90.0,91.30999999999999,90.0
1690,1690.0,97.25523044778737,12.470637063126647,-996533.3166812027,-996520.8460441396,-0.6985160303808536,8400.603278116288,22.088,16.962,22.428,90.0,91.30999999999999,90.0
1700,1700.0,102.11133508784592,13.093315331718555,-996533.9413597113,-996520.8480443796,-0.4951782242697236,8400.603278116288,22.088,16.962,22.428,90.0,91.30999999999999,90.0
1710,1710.0,99.1977043035878,12.719712473762831,-996533.5624907707,-996520.8427782969,-0.5986863464513799,8400.603278116288,22.088,16.962,22.428,90.0,91.30999999999999,90.0
1720,1720.0,98.7465016591316,12.661856619686612,-996533.5040008005,-996520.8421441809,-0.719692838707906,8400.603278116288,22.088,16.962,22.428,90.0,91.30999999999999,90.0
1730,1730.0,103.29477451358636,13.245062888088054,-996534.136548045,-996520.8914851568,-0.5713174999211014,8400.603278116288,22.088,16.962,22.428,90.0,91.30999999999999,90.0
1740,1740.0,97.7777012539305,12.537631339624589,-996533.4517258947,-996520.9140945551,-0.6245922759293632,8400.603278116288,22.088,16.962,22.428,90.0,91.30999999999999,90.0
1750,1750.0,101.52683938462522,13.018367858495145,-996533.920997454,-996520.9026295955,-0.7860221559108266,8400.603278116288,22.088,16.962,22.428,90.0,91.30999999999999,90.0
1760,1760.0,100.5930136309378,12.898627233740896,-996533.8204470143,-996520.9218197806,-0.6356452725155105,8400.603278116288,22.088,16.962,22.428,90.0,91.30999999999999,90.0
1770,1770.0,100.5183131026308,12.889048693104558,-996533.7933636699,-996520.9043149768,-0.7305633921803142,8400.603278116288,22.088,16.962,22.428,90.0,91.30999999999999,90.0
1780,1780.0,99.02261494893268,12.697261487985843,-996533.6082987516,-996520.9110372637,-0.7781943049936485,8400.603278116288,22.088,16.962,22.428,90.0,91.30999999999999,90.0
1790,1790.0,101.16451024129722,12.971907886902533,-996533.8949675658,-996520.9230596789,-0.5882510105268917,8400.603278116288,22.088,16.962,22.428,90.0,91.30999999999999,90.0
1800,1800.0,100.9245204233664,12.941134982406997,-996533.8815866867,-996520.9404517043,-0.7178153063473446,8400.603278116288,22.088,16.962,22.428,90.0,91.30999999999999,90.0
1810,1810.0,99.01351495219832,12.69609463293828,-996533.6397365744,-996520.9436419414,-0.835818716029532,8400.603278116288,22.088,16.962,22.428,90.0,91.30999999999999,90.0
1820,1820.0,101.9210304685106,13.068913355308235,-996534.0328707577,-996520.9639574024,-0.7424084419357628,8400.603278116288,22.088,16.962,22.428,90.0,91.30999999999999,90.0
1830,1830.0,99.80144246637393,12.797127328209212,-996533.7343258073,-996520.9371984791,-0.8042451049794209,8400.603278116288,22.088,16.962,22.428,90.0,91.30999999999999,90.0
1840,1840.0,102.24777022603905,13.110809846751119,-996534.0227072786,-996520.9118974318,-0.7718487224760991,8400.603278116288,22.088,16.962,22.428,90.0,91.30999999999999,90.0
1850,1850.0,100.113677855332,12.837163984294776,-996533.7493877927,-996520.9122238084,-0.6460894016714888,8400.603278116288,22.088,16.962,22.428,90.0,91.30999999999999,90.0
1860,1860.0,101.37500990197206,12.998899390167713,-996533.9120943504,-996520.9131949602,-0.6430915387229145,8400.603278116288,22.088,16.962,22.428,90.0,91.30999999999999,90.0
1870,1870.0,101.65957923810468,13.035388542410377,-996533.9604012818,-996520.9250127394,-0.573858490797939,8400.603278116288,22.088,16.962,22.428,90.0,91.30999999999999,90.0
1880,1880.0,97.66167160009901,12.522753335687623,-996533.4464177649,-996520.9236644292,-0.6440424425416408,8400.603278116288,22.088,16.962,22.428,90.0,91.30999999999999,90.0
1890,1890.0,96.1579490230335,12.3299371918579,-996533.2405620301,-996520.9106248382,-0.6029861503750792,8400.603278116288,22.088,16.962,22.428,90.0,91.30999999999999,90.0
1900,1900.0,102.35492246997943,13.124549537033353,-996534.0424286487,-996520.9178791116,-0.5728398485503151,8400.603278116288,22.088,16.962,22.428,90.0,91.30999999999999,90.0
1910,1910.0,100.47740542162992,12.88380326989691,-996533.7960256623,-996520.9122223924,-0.6893065826449417,8400.603278116288,22.088,16.962,22.428,90.0,91.30999999999999,90.0
1920,1920.0,100.93348183511182,12.942284067273032,-996533.8182100558,-996520.8759259885,-0.6481558066590541,8400.603278116288,22.088,16.962,22.428,90.0,91.30999999999999,90.0
1930,1930.0,101.74145365983004,13.045886961810437,-996533.9159192463,-996520.8700322844,-0.6973981448849474,8400.603278116288,22.088,16.962,22.428,90.0,91.30999999999999,90.0
1940,1940.0,97.10000547520079,12.45073320513003,-996533.3266994746,-996520.8759662694,-0.6842632975033462,8400.603278116288,22.088,16.962,22.428,90.0,91.30999999999999,90.0
1950,1950.0,100.72596213542054,12.915674672113681,-996533.775826504,-996520.8601518319,-0.6580302855621915,8400.603278116288,22.088,16.962,22.428,90.0,91.30999999999999,90.0
1960,1960.0,100.4807100141401,12.884227004164426,-996533.7528024111,-996520.868575407,-0.6131893008233543,8400.603278116288,22.088,16.962,22.428,90.0,91.30999999999999,90.0
1970,1970.0,99.6054621818881,12.771997584666389,-996533.6562899988,-996520.8842924142,-0.5149665070525163,8400.603278116288,22.088,16.962,22.428,90.0,91.30999999999999,90.0
1980,1980.0,101.8794945428018,13.063587374872935,-996533.9586453375,-996520.8950579626,-0.5545299757661162,8400.603278116288,22.088,16.962,22.428,90.0,91.30999999999999,90.0
1990,1990.0,99.71756904493964,12.786372585321514,-996533.6956762488,-996520.9093036634,-0.418049803002892,8400.603278116288,22.088,16.962,22.428,90.0,91.30999999999999,90.0
2000,2000.0,101.07054767220205,12.9598594542238,-996533.8911374733,-996520.9312780191,-0.7476293914131364,8400.603278116288,22.088,16.962,22.428,90.0,91.30999999999999,90.0
2010,2010.0,101.23877020615006,12.981429935904282,-996533.8853732469,-996520.903943311,-0.8114504034131527,8400.603278116288,22.088,16.962,22.428,90.0,91.30999999999999,90.0
2020,2020.0,98.87103635639218,12.67782519026274,-996533.564845342,-996520.8870201517,-0.6622667793261532,8400.603278116288,22.088,16.962,22.428,90.0,91.30999999999999,90.0
2030,2030.0,98.48166674094708,12.627897930461202,-996533.5022159457,-996520.8743180153,-0.8379931807053405,8400.603278116288,22.088,16.962,22.428,90.0,91.30999999999999,90.0
2040,2040.0,101.82221873071855,13.056243133728296,-996533.9395266057,-996520.8832834719,-0.7323778578310148,8400.603278116288,22.088,16.962,22.428,90.0,91.30999999999999,90.0
2050,2050.0,100.81743236593155,12.927403522495622,-996533.8385558511,-996520.9111523286,-0.6043986386091557,8400.603278116288,22.088,16.962,22.428,90.0,91.30999999999999,90.0
2060,2060.0,100.53854496075277,12.891642940823576,-996533.8266432217,-996520.9350002808,-0.6197555745645146,8400.603278116288,22.088,16.962,22.428,90.0,91.30999999999999,90.0
2070,2070.0,101.41618365542737,13.004178930748756,-996533.9295341256,-996520.9253551948,-0.5878688510790216,8400.603278116288,22.088,16.962,22.428,90.0,91.30999999999999,90.0
2080,2080.0,99.75901647849219,12.79168721877261,-996533.7325220552,-996520.9408348363,-0.5345970548209835,8400.603278116288,22.088,16.962,22.428,90.0,91.30999999999999,90.0
2090,2090.0,99.61889830194548,12.773720442922965,-996533.7036220878,-996520.9299016449,-0.5016494281258193,8400.603278116288,22.088,16.962,22.428,90.0,91.30999999999999,90.0
2100,2100.0,99.52480710438714,12.761655516746938,-996533.6952522909,-996520.9335967742,-0.738838915288642,8400.603278116288,22.088,16.962,22.428,90.0,91.30999999999999,90.0
2110,2110.0,99.82182019085681,12.799740279770052,-996533.7451471129,-996520.9454068331,-0.6768590730148659,8400.603278116288,22.088,16.962,22.428,90.0,91.30999999999999,90.0
2120,2120.0,96.97550985697583,12.434769645497456,-996533.364117023,-996520.9293473775,-0.6634367292933667,8400.603278116288,22.088,16.962,22.428,90.0,91.30999999999999,90.0
2130,2130.0,97.5263577318633,12.50540259647693,-996533.4322313421,-996520.9268287456,-1.1348333508678758,8400.603278116288,22.088,16.962,22.428,90.0,91.30999999999999,90.0
2140,2140.0,97.2034842525524,12.464001861943103,-996533.3593299559,-996520.8953280939,-1.0139698425296546,8400.603278116288,22.088,16.962,22.428,90.0,91.30999999999999,90.0
2150,2150.0,98.91723105642558,12.683748546114185,-996533.5844928301,-996520.900744284,-0.8883116090166205,8400.603278116288,22.088,16.962,22.428,90.0,91.30999999999999,90.0
2160,2160.0,100.13432837967197,12.839811915856105,-996533.7644000329,-996520.924588117,-0.9402409706940751,8400.603278116288,22.088,16.962,22.428,90.0,91.30999999999999,90.0
2170,2170.0,101.22579232185635,12.97976583532965,-996533.8843944059,-996520.9046285705,-0.8607590511455033,8400.603278116288,22.088,16.962,22.428,90.0,91.30999999999999,90.0
2180,2180.0,100.68484701418926,12.910402649700892,-996533.7919207051,-996520.8815180555,-0.6089210603096487,8400.603278116288,22.088,16.962,22.428,90.0,91.30999999999999,90.0
2190,2190.0,100.38275011973185,12.871666010948093,-996533.7489321162,-996520.8772661053,-0.4756387694320696,8400.603278116288,22.088,16.962,22.428,90.0,91.30999999999999,90.0
2200,2200.0,98.87656575206027,12.678534201862812,-996533.538801315,-996520.8602671132,-0.6698825250864396,8400.603278116288,22.088,16.962,22.428,90.0,91.30999999999999,90.0
2210,2210.0,97.49096542320375,12.500864386716003,-996533.3541331276,-996520.8532687409,-0.588406519899304,8400.603278116288,22.088,16.962,22.428,90.0,91.30999999999999,90.0
2220,2220.0,95.99051632815265,12.308467987983242,-996533.1682202198,-996520.8597522317,-0.5788423361576366,8400.603278116288,22.088,16.962,22.428,90.0,91.30999999999999,90.0
2230,2230.0,100.12945653929772,12.83918721985922,-996533.6978334326,-996520.8586462127,-0.598526415762435,8400.603278116288,22.088,16.962,22.428,90.0,91.30999999999999,90.0
2240,2240.0,103.3383279623151,13.250647567178762,-996534.146463768,-996520.8958162008,-0.5788566827740346,8400.603278116288,22.088,16.962,22.428,90.0,91.30999999999999,90.0
2250,2250.0,102.43009349283754,13.134188407245386,-996534.0364797403,-996520.9022913331,-0.6845552034513551,8400.603278116288,22.088,16.962,22.428,90.0,91.30999999999999,90.0
2260,2260.0,101.14887705960963,12.969903308495077,-996533.8846269145,-996520.914723606,-0.6792426801758347,8400.603278116288,22.088,16.962,22.428,90.0,91.30999999999999,90.0
2270,2270.0,98.99930439043989,12.694272471216626,-996533.5952181385,-996520.9009456673,-0.7094980065155931,8400.603278116288,22.088,16.962,22.428,90.0,91.30999999999999,90.0
2280,2280.0,99.25036659893911,12.726465142685763,-996533.6248605552,-996520.8983954125,-0.8201840808868701,8400.603278116288,22.088,16.962,22.428,90.0,91.30999999999999,90.0
2290,2290.0,99.25039893945136,12.726469289576258,-996533.6249729297,-996520.8985036401,-0.6887438563044516,8400.603278116288,22.088,16.962,22.428,90.0,91.30999999999999,90.0
2300,2300.0,102.09025046173457,13.090611737077571,-996534.0142488544,-996520.9236371173,-0.5416884905904547,8400.603278116288,22.088,16.962,22.428,90.0,91.30999999999999,90.0
2310,2310.0,101.84438854531784,13.05908587761314,-996534.0064143713,-996520.9473284937,-0.6293444214236965,8400.603278116288,22.088,16.962,22.428,90.0,91.30999999999999,90.0
2320,2320.0,102.0564337168276,13.086275555358094,-996534.0208300025,-996520.9345544472,-0.7033578756155847,8400.603278116288,22.088,16.962,22.428,90.0,91.30999999999999,90.0
2330,2330.0,100.7149368005384,12.914260938896645,-996533.8607453902,-996520.9464844513,-0.5798268510080863,8400.603278116288,22.088,16.962,22.428,90.0,91.30999999999999,90.0
2340,2340.0,98.34589428632742,12.610488388609975,-996533.5495029539,-996520.9390145653,-0.5321860776626767,8400.603278116288,22.088,16.962,22.428,90.0,91.30999999999999,90.0
2350,2350.0,101.30063855471235,12.989363059059336,-996533.9213456926,-996520.9319826335,-0.5991862557674547,8400.603278116288,22.088,16.962,22.428,90.0,91.30999999999999,90.0
2360,2360.0,99.61231280869093,12.772876012285343,-996533.6679189338,-996520.8950429215,-0.5790796386910955,8400.603278116288,22.088,16.962,22.428,90.0,91.30999999999999,90.0
2370,2370.0,100.14644474742927,12.841365547718668,-996533.6830407082,-996520.8416751605,-0.5079824966763985,8400.603278116288,22.088,16.962,22.428,90.0,91.30999999999999,90.0
2380,2380.0,96.7311567156087,12.403437250034568,-996533.223695595,-996520.820258345,-0.58126011286277,8400.603278116288,22.088,16.962,22.428,90.0,91.30999999999999,90.0
2390,2390.0,100.38340436507842,12.871749902130395,-996533.6961647313,-996520.8244148291,-0.6395263630663086,8400.603278116288,22.088,16.962,22.428,90.0,91.30999999999999,90.0
2400,2400.0,100.3479566014656,12.867204581609538,-996533.6997689091,-996520.8325643275,-0.7375932422811511,8400.603278116288,22.088,16.962,22.428,90.0,91.30999999999999,90.0
2410,2410.0,103.29529541949813,13.2451296817046,-996534.0926836237,-996520.847553942,-0.6799971674303876,8400.603278116288,22.088,16.962,22.428,90.0,91.30999999999999,90.0
2420,2420.0,101.34181624157337,12.99464310400477,-996533.8631190045,-996520.8684759005,-0.6902266792783696,8400.603278116288,22.088,16.962,22.428,90.0,91.30999999999999,90.0
2430,2430.0,100.82733283188297,12.928673018409286,-996533.7881858043,-996520.8595127859,-0.7563357962289133,8400.603278116288,22.088,16.962,22.428,90.0,91.30999999999999,90.0
2440,2440.0,101.25358824872693,12.983329992385679,-996533.8490809036,-996520.8657509112,-0.5546362668316617,8400.603278116288,22.088,16.962,22.428,90.0,91.30999999999999,90.0
2450,2450.0,98.42577361102634,12.620730984947276,-996533.4645365856,-996520.8438056007,-0.6806800157608456,8400.603278116288,22.088,16.962,22.428,90.0,91.30999999999999,90.0
2460,2460.0,98.94404127880445,12.68718631034886,-996533.5110197058,-996520.8238333955,-0.8083118970785039,8400.603278116288,22.088,16.962,22.428,90.0,91.30999999999999,90.0
2470,2470.0,101.51758658948614,13.017181410738374,-996533.8475948966,-996520.8304134859,-0.6010609410198632,8400.603278116288,22.088,16.962,22.428,90.0,91.30999999999999,90.0
2480,2480.0,100.91899029675447,12.940425877081012,-996533.769322896,-996520.8288970189,-0.4943424189960551,8400.603278116288,22.088,16.962,22.428,90.0,91.30999999999999,90.0
2490,2490.0,99.20185982432326,12.720245319046953,-996533.5595892856,-996520.8393439666,-0.5991942013091422,8400.603278116288,22.088,16.962,22.428,90.0,91.30999999999999,90.0
2500,2500.0,101.55459050707337,13.021926270464885,-996533.8571449132,-996520.8352186427,-0.7774579454693097,8400.603278116288,22.088,16.962,22.428,90.0,91.30999999999999,90.0
2510,2510.0,101.36543492899341,12.997671630875423,-996533.8543150339,-996520.856643403,-0.5550106997108062,8400.603278116288,22.088,16.962,22.428,90.0,91.30999999999999,90.0
2520,2520.0,96.36371073917492,12.356321168037601,-996533.2083959357,-996520.8520747677,-0.7641199917292365,8400.603278116288,22.088,16.962,22.428,90.0,91.30999999999999,90.0
2530,2530.0,98.15455567551567,12.585953827737413,-996533.4145956672,-996520.8286418394,-0.9552947559638636,8400.603278116288,22.088,16.962,22.428,90.0,91.30999999999999,90.0
2540,2540.0,98.61848515047895,12.645441590796695,-996533.4756716893,-996520.8302300985,-0.745541342302325,8400.603278116288,22.088,16.962,22.428,90.0,91.30999999999999,90.0
2550,2550.0,99.11561990439154,12.709187129817746,-996533.5276158641,-996520.8184287342,-0.8702081614614849,8400.603278116288,22.088,16.962,22.428,90.0,91.30999999999999,90.0
2560,2560.0,101.46321661449367,13.010209773098522,-996533.8125537551,-996520.802343982,-0.7581243367566981,8400.603278116288,22.088,16.962,22.428,90.0,91.30999999999999,90.0
2570,2570.0,99.64893586978697,12.77757203635486,-996533.5661944344,-996520.788622398,-0.6458051783981555,8400.603278116288,22.088,16.962,22.428,90.0,91.30999999999999,90.0
2580,2580.0,97.583943129118,12.512786534451196,-996533.3007657204,-996520.7879791859,-0.7119424431921606,8400.603278116288,22.088,16.962,22.428,90.0,91.30999999999999,90.0
2590,2590.0,100.85757851494043,12.93255129759694,-996533.7335124947,-996520.8009611971,-0.5928573320179403,8400.603278116288,22.088,16.962,22.428,90.0,91.30999999999999,90.0
2600,2600.0,98.89883697893968,12.681389949426052,-996533.4844234133,-996520.8030334639,-0.7670710693100211,8400.603278116288,22.088,16.962,22.428,90.0,91.30999999999999,90.0
2610,2610.0,99.24516086893965,12.725797633399393,-996533.5462892007,-996520.8204915673,-0.7241654534532225,8400.603278116288,22.088,16.962,22.428,90.0,91.30999999999999,90.0
2620,2620.0,95.50903246646477,12.246729298318776,-996533.0756963339,-996520.8289670356,-0.6338589557861254,8400.603278116288,22.088,16.962,22.428,90.0,91.30999999999999,90.0
2630,2630.0,102.41707222214207,13.132518743411406,-996533.9583925945,-996520.8258738511,-0.7118332397385045,8400.603278116288,22.088,16.962,22.428,90.0,91.30999999999999,90.0
2640,2640.0,100.74197975626407,12.917728545568453,-996533.7440679618,-996520.8263394162,-0.7420906090140685,8400.603278116288,22.088,16.962,22.428,90.0,91.30999999999999,90.0
2650,2650.0,100.36336315259958,12.869180100115862,-996533.69532267,-996520.8261425699,-0.7190622056924177,8400.603278116288,22.088,16.962,22.428,90.0,91.30999999999999,90.0
2660,2660.0,100.3447168375117,12.866789160040403,-996533.675572997,-996520.8087838369,-0.598986210666127,8400.603278116288,22.088,16.962,22.428,90.0,91.30999999999999,90.0
2670,2670.0,101.44176844382858,13.00745956263888,-996533.8172055909,-996520.8097460283,-0.8277140991593324,8400.603278116288,22.088,16.962,22.428,90.0,91.30999999999999,90.0
2680,2680.0,101.26015991225144,12.984172649694061,-996533.8129739956,-996520.8288013459,-0.7145313325149959,8400.603278116288,22.088,16.962,22.428,90.0,91.30999999999999,90.0
2690,2690.0,98.99151679230481,12.693273899628354,-996533.5236564209,-996520.8303825213,-0.4977027504466797,8400.603278116288,22.088,16.962,22.428,90.0,91.30999999999999,90.0
2700,2700.0,100.84309564833875,12.930694219348378,-996533.7795238708,-996520.8488296515,-0.5984055844656352,8400.603278116288,22.088,16.962,22.428,90.0,91.30999999999999,90.0
2710,2710.0,96.59311179327692,12.385736319021593,-996533.2334168142,-996520.8476804952,-0.5830798615340756,8400.603278116288,22.088,16.962,22.428,90.0,91.30999999999999,90.0
2720,2720.0,100.68404065016743,12.910299252968287,-996533.7620872498,-996520.8517879968,-0.7312346810071565,8400.603278116288,22.088,16.962,22.428,90.0,91.30999999999999,90.0
2730,2730.0,96.95923312156718,12.432682546850737,-996533.2675004628,-996520.8348179159,-0.5971523181432926,8400.603278116288,22.088,16.962,22.428,90.0,91.30999999999999,90.0
2740,2740.0,101.14749669949384,12.969726310610838,-996533.7985933323,-996520.8288670217,-0.44745867717645715,8400.603278116288,22.088,16.962,22.428,90.0,91.30999999999999,90.0
2750,2750.0,102.51895011152737,13.145582124963555,-996534.0051943659,-996520.8596122409,-0.6281667899847079,8400.603278116288,22.088,16.962,22.428,90.0,91.30999999999999,90.0
2760,2760.0,103.35306112893218,13.252536740365912,-996534.1311655825,-996520.8786288421,-0.5271207797614003,8400.603278116288,22.088,16.962,22.428,90.0,91.30999999999999,90.0
2770,2770.0,100.6525449207733,12.906260685494802,-996533.8132359439,-996520.9069752584,-0.2931496936318993,8400.603278116288,22.088,16.962,22.428,90.0,91.30999999999999,90.0
2780,2780.0,97.5971335059775,12.514477882071096,-996533.4069893461,-996520.8925114641,-0.5864514684628115,8400.603278116288,22.088,16.962,22.428,90.0,91.30999999999999,90.0
2790,2790.0,100.55567958246435,12.893840042692498,-996533.7495308851,-996520.8556908425,-0.7180691026703534,8400.603278116288,22.088,16.962,22.428,90.0,91.30999999999999,90.0
2800,2800.0,99.39934671333283,12.745568248273742,-996533.5995496417,-996520.8539813934,-0.4979245439119984,8400.603278116288,22.088,16.962,22.428,90.0,91.30999999999999,90.0
2810,2810.0,101.00342448828202,12.951252525204824,-996533.7951575087,-996520.8439049835,-0.5616993621734768,8400.603278116288,22.088,16.962,22.428,90.0,91.30999999999999,90.0
2820,2820.0,101.73960993688273,13.04565054882149,-996533.8815586072,-996520.8359080584,-0.8830499413333165,8400.603278116288,22.088,16.962,22.428,90.0,91.30999999999999,90.0
2830,2830.0,102.90961927348823,13.195676020254721,-996534.0331518095,-996520.8374757892,-0.5088615458589579,8400.603278116288,22.088,16.962,22.428,90.0,91.30999999999999,90.0
2840,2840.0,103.17372326740403,13.229540986075909,-996534.0663358252,-996520.8367948391,-0.659663246320935,8400.603278116288,22.088,16.962,22.428,90.0,91.30999999999999,90.0
2850,2850.0,98.11508146747718,12.580892212855254,-996533.4243889359,-996520.8434967231,-1.0877823999786418,8400.603278116288,22.088,16.962,22.428,90.0,91.30999999999999,90.0
2860,2860.0,100.20417671345498,12.848768279601906,-996533.7050417735,-996520.8562734938,-0.7480024025320062,8400.603278116288,22.088,16.962,22.428,90.0,91.30999999999999,90.0
2870,2870.0,102.23398365407343,13.109042051491816,-996533.9793880517,-996520.8703460002,-0.6723762533387991,8400.603278116288,22.088,16.962,22.428,90.0,91.30999999999999,90.0
2880,2880.0,100.01812620106833,12.824911789779197,-996533.7232780143,-996520.8983662246,-0.8859825348808457,8400.603278116288,22.088,16.962,22.428,90.0,91.30999999999999,90.0
2890,2890.0,101.59004523049688,13.02647248341356,-996533.9495337363,-996520.9230612529,-0.8073382753196545,8400.603278116288,22.088,16.962,22.428,90.0,91.30999999999999,90.0
2900,2900.0,99.80637059000328,12.797759241175752,-996533.7156685541,-996520.9179093129,-0.714644050655435,8400.603278116288,22.088,16.962,22.428,90.0,91.30999999999999,90.0
2910,2910.0,102.46908654006862,13.139188324861799,-996534.0886061228,-996520.9494177978,-0.7097337659391959,8400.603278116288,22.088,16.962,22.428,90.0,91.30999999999999,90.0
2920,2920.0,99.7875122905882,12.795341119224362,-996533.7435975075,-996520.9482563883,-0.7360170378234986,8400.603278116288,22.088,16.962,22.428,90.0,91.30999999999999,90.0
2930,2930.0,99.28884749265517,12.731399388969363,-996533.6420413218,-996520.9106419329,-0.7394209822182201,8400.603278116288,22.088,16.962,22.428,90.0,91.30999999999999,90.0
2940,2940.0,98.13793222859954,12.58382227170413,-996533.4657589017,-996520.88193663,-0.668163848627105,8400.603278116288,22.088,16.962,22.428,90.0,91.30999999999999,90.0
2950,2950.0,100.5749705573289,12.896313644832166,-996533.7357523572,-996520.8394387123,-0.6083708015899317,8400.603278116288,22.088,16.962,22.428,90.0,91.30999999999999,90.0
2960,2960.0,100.17943050986689,12.845595175983554,-996533.6931682973,-996520.8475731213,-0.6891409137525883,8400.603278116288,22.088,16.962,22.428,90.0,91.30999999999999,90.0
2970,2970.0,101.13745576093699,12.968438802474369,-996533.8383941896,-996520.8699553871,-0.6247533399979142,8400.603278116288,22.088,16.962,22.428,90.0,91.30999999999999,90.0
2980,2980.0,102.51507069277493,13.14508468309791,-996534.0238050547,-996520.8787203716,-0.5792032740514821,8400.603278116288,22.088,16.962,22.428,90.0,91.30999999999999,90.0
2990,2990.0,98.89237839718015,12.68056179212598,-996533.5485787196,-996520.8680169275,-0.6771622118150201,8400.603278116288,22.088,16.962,22.428,90.0,91.30999999999999,90.0
3000,3000.0,99.22746334972558,12.723528353505447,-996533.5994721021,-996520.8759437486,-0.5981140741447721,8400.603278116288,22.088,16.962,22.428,90.0,91.30999999999999,90.0
3010,3010.0,96.13578229236163,12.327094843412349,-996533.186866398,-996520.8597715546,-0.45140448732633465,8400.603278116288,22.088,16.962,22.428,90.0,91.30999999999999,90.0
3020,3020.0,97.70786554984991,12.528676595333438,-996533.3593616782,-996520.8306850829,-0.6048970853037293,8400.603278116288,22.088,16.962,22.428,90.0,91.30999999999999,90.0
3030,3030.0,99.81685669897686,12.799103831678616,-996533.6305047323,-996520.8314009006,-0.552716594588258,8400.603278116288,22.088,16.962,22.428,90.0,91.30999999999999,90.0
3040,3040.0,100.71391904465189,12.914130436257135,-996533.7344073007,-996520.8202768645,-0.5634094568971242,8400.603278116288,22.088,16.962,22.428,90.0,91.30999999999999,90.0
3050,3050.0,104.17703049331729,13.358190933431635,-996534.1951064287,-996520.8369154952,-0.6170878431355373,8400.603278116288,22.088,16.962,22.428,90.0,91.30999999999999,90.0
3060,3060.0,99.26445438149452,12.728271560936625,-996533.572660622,-996520.844389061,-0.5158269134037439,8400.603278116288,22.088,16.962,22.428,90.0,91.30999999999999,90.0
3070,3070.0,100.42827745847572,12.877503793813968,-996533.7221496893,-996520.8446458955,-0.930631207496315,8400.603278116288,22.088,16.962,22.428,90.0,91.30999999999999,90.0
3080,3080.0,102.01503694587157,13.080967418162789,-996533.9173623577,-996520.8363949396,-0.7451690527829651,8400.603278116288,22.088,16.962,22.428,90.0,91.30999999999999,90.0
3090,3090.0,100.31733743785036,12.863278412550413,-996533.7162405137,-996520.8529621012,-0.7275934585509839,8400.603278116288,22.088,16.962,22.428,90.0,91.30999999999999,90.0
3100,3100.0,102.20648132382013,13.105515541119058,-996533.9714636749,-996520.8659481338,-0.923026656239095,8400.603278116288,22.088,16.962,22.428,90.0,91.30999999999999,90.0
3110,3110.0,102.17710481831564,13.101748712984028,-996533.9918979079,-996520.890149195,-0.5346360488007145,8400.603278116288,22.088,16.962,22.428,90.0,91.30999999999999,90.0
3120,3120.0,100.14034641416632,12.840583583597436,-996533.7336380974,-996520.8930545138,-0.48748321908681197,8400.603278116288,22.088,16.962,22.428,90.0,91.30999999999999,90.0
3130,3130.0,100.1135962029093,12.837153514341395,-996533.7427340419,-996520.9055805275,-0.6201256264589893,8400.603278116288,22.088,16.962,22.428,90.0,91.30999999999999,90.0
3140,3140.0,98.99904235487146,12.694238871476474,-996533.5749537977,-996520.8807149263,-0.7716888849853079,8400.603278116288,22.088,16.962,22.428,90.0,91.30999999999999,90.0
3150,3150.0,97.7000413716026,12.52767333322825,-996533.3927616229,-996520.8650882897,-0.5558533152755674,8400.603278116288,22.088,16.962,22.428,90.0,91.30999999999999,90.0
3160,3160.0,100.0786254057943,12.832669353267265,-996533.6852643758,-996520.8525950225,-0.6767434914826852,8400.603278116288,22.088,16.962,22.428,90.0,91.30999999999999,90.0
3170,3170.0,99.07556380142276,12.704050900948749,-996533.5574557106,-996520.8534048096,-1.0594988307964195,8400.603278116288,22.088,16.962,22.428,90.0,91.30999999999999,90.0
3180,3180.0,99.0335499882358,12.698663642973212,-996533.5598859538,-996520.8612223108,-0.6430918318743931,8400.603278116288,22.088,16.962,22.428,90.0,91.30999999999999,90.0
3190,3190.0,100.49369642150938,12.885892197617885,-996533.7548014235,-996520.8689092259,-0.6596820489045554,8400.603278116288,22.088,16.962,22.428,90.0,91.30999999999999,90.0
3200,3200.0,101.79106666016969,13.052248632211093,-996533.9273739335,-996520.8751253013,-0.7158446784930848,8400.603278116288,22.088,16.962,22.428,90.0,91.30999999999999,90.0
3210,3210.0,100.35433694532475,12.868022706786345,-996533.7523203879,-996520.884297681,-0.6316927847332009,8400.603278116288,22.088,16.962,22.428,90.0,91.30999999999999,90.0
3220,3220.0,101.43063475971793,13.006031936247167,-996533.8996572915,-996520.8936253552,-0.39994302437329643,8400.603278116288,22.088,16.962,22.428,90.0,91.30999999999999,90.0
3230,3230.0,99.31184350018401,12.734348072165863,-996533.6603788683,-996520.9260307961,-0.41125059736464237,8400.603278116288,22.088,16.962,22.428,90.0,91.30999999999999,90.0
3240,3240.0,99.62442998738989,12.77442974813161,-996533.7144518226,-996520.9400220744,-0.6897602077638959,8400.603278116288,22.088,16.962,22.428,90.0,91.30999999999999,90.0
3250,3250.0,99.53222016564355,12.762606063016067,-996533.691683739,-996520.9290776759,-0.5298193313645566,8400.603278116288,22.088,16.962,22.428,90.0,91.30999999999999,90.0
3260,3260.0,99.14003276311523,12.712317489999043,-996533.6390870915,-996520.9267696015,-0.5206078829536015,8400.603278116288,22.088,16.962,22.428,90.0,91.30999999999999,90.0
3270,3270.0,102.16790249403418,13.10056873689716,-996534.0273332977,-996520.9267645607,-0.6888598279574774,8400.603278116288,22.088,16.962,22.428,90.0,91.30999999999999,90.0
3280,3280.0,101.60949342245472,13.028966244852647,-996533.9317984375,-996520.9028321926,-0.6771255718679952,8400.603278116288,22.088,16.962,22.428,90.0,91.30999999999999,90.0
3290,3290.0,100.61026991186648,12.900839935469431,-996533.7836528157,-996520.8828128802,-0.7876486637115795,8400.603278116288,22.088,16.962,22.428,90.0,91.30999999999999,90.0
3300,3300.0,98.86566501642089,12.677136445492755,-996533.567283044,-996520.8901465985,-0.7669401919606335,8400.603278116288,22.088,16.962,22.428,90.0,91.30999999999999,90.0
3310,3310.0,100.81164923212242,12.926661975100288,-996533.8470106277,-996520.9203486526,-0.9854728922533956,8400.603278116288,22.088,16.962,22.428,90.0,91.30999999999999,90.0
3320,3320.0,102.46177424252727,13.138250699108244,-996534.0797129249,-996520.9414622257,-0.9220980187896567,8400.603278116288,22.088,16.962,22.428,90.0,91.30999999999999,90.0
3330,3330.0,97.74138922250683,12.53297519760709,-996533.5095942434,-996520.9766190457,-0.7734147635309022,8400.603278116288,22.088,16.962,22.428,90.0,91.30999999999999,90.0
3340,3340.0,99.18272787006651,12.717792107463927,-996533.696009069,-996520.9782169615,-0.7872321839824974,8400.603278116288,22.088,16.962,22.428,90.0,91.30999999999999,90.0
3350,3350.0,101.45864872808566,13.009624051865046,-996533.9774116442,-996520.9677875923,-0.6959632289713262,8400.603278116288,22.088,16.962,22.428,90.0,91.30999999999999,90.0
3360,3360.0,100.98498068212163,12.948887552013872,-996533.9259227671,-996520.9770352151,-0.6509454221649569,8400.603278116288,22.088,16.962,22.428,90.0,91.30999999999999,90.0
3370,3370.0,98.04799859617312,12.572290452956752,-996533.5668533886,-996520.9945629355,-0.47152791757543777,8400.603278116288,22.088,16.962,22.428,90.0,91.30999999999999,90.0
3380,3380.0,99.12621562996252,12.710545776004771,-996533.6705788393,-996520.9600330632,-0.5709411519586135,8400.603278116288,22.088,16.962,22.428,90.0,91.30999999999999,90.0
3390,3390.0,100.23287130907525,12.852447669245073,-996533.8031291192,-996520.95068145,-0.73293763784937,8400.603278116288,22.088,16.962,22.428,90.0,91.30999999999999,90.0
3400,3400.0,99.41054822652114,12.747004572108317,-996533.7163660964,-996520.9693615243,-0.5228490031797891,8400.603278116288,22.088,16.962,22.428,90.0,91.30999999999999,90.0
3410,3410.0,95.35717929194021,12.227257792080392,-996533.159441944,-996520.932184152,-0.6191195846360306,8400.603278116288,22.088,16.962,22.428,90.0,91.30999999999999,90.0
3420,3420.0,99.48744881195464,12.756865216995665,-996533.6903394652,-996520.9334742482,-0.83421074975099,8400.603278116288,22.088,16.962,22.428,90.0,91.30999999999999,90.0
3430,3430.0,98.34152647454744,12.609928322120826,-996533.5703281319,-996520.9603998098,-0.751892726354415,8400.603278116288,22.088,16.962,22.428,90.0,91.30999999999999,90.0
3440,3440.0,97.08494207922504,12.448801687994274,-996533.408762961,-996520.959961273,-0.726897786846375,8400.603278116288,22.088,16.962,22.428,90.0,91.30999999999999,90.0
3450,3450.0,95.0614708807271,12.189340322184187,-996533.1375973391,-996520.948257017,-0.8282348924883006,8400.603278116288,22.088,16.962,22.428,90.0,91.30999999999999,90.0
3460,3460.0,100.25417768197809,12.855179697562518,-996533.7997763829,-996520.9445966854,-0.707981457674672,8400.603278116288,22.088,16.962,22.428,90.0,91.30999999999999,90.0
3470,3470.0,100.21565904628122,12.850240611780388,-996533.7765462314,-996520.9263056195,-0.6416589633233497,8400.603278116288,22.088,16.962,22.428,90.0,91.30999999999999,90.0
3480,3480.0,97.37756654277302,12.486323716001376,-996533.3840965,-996520.897772784,-0.6933529936177986,8400.603278116288,22.088,16.962,22.428,90.0,91.30999999999999,90.0
3490,3490.0,98.64551932981504,12.648908072108268,-996533.5383965219,-996520.8894884498,-0.6524161807269665,8400.603278116288,22.088,16.962,22.428,90.0,91.30999999999999,90.0
3500,3500.0,101.01625363519705,12.952897553798866,-996533.8313979155,-996520.8785003617,-0.6065624698786567,8400.603278116288,22.088,16.962,22.428,90.0,91.30999999999999,90.0
3510,3510.0,100.41064595971682,12.87524297945068,-996533.7312850782,-996520.8560420987,-0.5309379050954927,8400.603278116288,22.088,16.962,22.428,90.0,91.30999999999999,90.0
3520,3520.0,97.862868241237,12.54855195112866,-996533.4040975366,-996520.8555455854,-0.47621525369158124,8400.603278116288,22.088,16.962,22.428,90.0,91.30999999999999,90.0
3530,3530.0,98.08132185125807,12.57656335651179,-996533.4423455313,-996520.8657821747,-0.6959327583797851,8400.603278116288,22.088,16.962,22.428,90.0,91.30999999999999,90.0
3540,3540.0,98.90481978270593,12.682157099676433,-996533.5617314377,-996520.879574338,-0.4984585709380862,8400.603278116288,22.088,16.962,22.428,90.0,91.30999999999999,90.0
3550,3550.0,102.10359066432476,13.092322296232949,-996533.9846131983,-996520.8922909021,-0.41581694171260714,8400.603278116288,22.088,16.962,22.428,90.0,91.30999999999999,90.0
3560,3560.0,101.65545671268146,13.034859927979053,-996533.9354737686,-996520.9006138407,-0.8674248345167864,8400.603278116288,22.088,16.962,22.428,90.0,91.30999999999999,90.0
3570,3570.0,97.98928955577153,12.56476243485632,-996533.439432585,-996520.8746701502,-0.7273578505031407,8400.603278116288,22.088,16.962,22.428,90.0,91.30999999999999,90.0
3580,3580.0,99.17511033820439,12.716815342772383,-996533.6047193388,-996520.887903996,-0.5075825697388044,8400.603278116288,22.088,16.962,22.428,90.0,91.30999999999999,90.0
3590,3590.0,102.03843315779812,13.083967417918531,-996533.9851452654,-996520.9011778474,-0.6577798291678189,8400.603278116288,22.088,16.962,22.428,90.0,91.30999999999999,90.0
3600,3600.0,98.27917711943539,12.601933521479848,-996533.5189959098,-996520.9170623884,-0.7307162225651394,8400.603278116288,22.088,16.962,22.428,90.0,91.30999999999999,90.0
3610,3610.0,99.55560473609417,12.765604570033366,-996533.6863214324,-996520.9207168623,-0.5490023902107162,8400.603278116288,22.088,16.962,22.428,90.0,91.30999999999999,90.0
3620,3620.0,105.86579973205983,13.574734847448035,-996534.5256422126,-996520.9509073652,-0.5815377729343044,8400.603278116288,22.088,16.962,22.428,90.0,91.30999999999999,90.0
3630,3630.0,100.53906751696033,12.891709946050746,-996533.8850676261,-996520.99335768,-0.7571371132791679,8400.603278116288,22.088,16.962,22.428,90.0,91.30999999999999,90.0
3640,3640.0,101.79704310718532,13.053014967361559,-996534.061721297,-996521.0087063296,-0.6156435111289446,8400.603278116288,22.088,16.962,22.428,90.0,91.30999999999999,90.0
3650,3650.0,101.34260212929743,12.994743875146167,-996534.0246160451,-996521.02987217,-0.6238507806566517,8400.603278116288,22.088,16.962,22.428,90.0,91.30999999999999,90.0
3660,3660.0,100.55216035280529,12.893388786388668,-996533.9251759341,-996521.0317871477,-0.6211806325266513,8400.603278116288,22.088,16.962,22.428,90.0,91.30999999999999,90.0
3670,3670.0,95.97756879260017,12.306807778902522,-996533.3296488548,-996521.0228410759,-0.6834211958670129,8400.603278116288,22.088,16.962,22.428,90.0,91.30999999999999,90.0
3680,3680.0,99.11211994753008,12.708738344785262,-996533.7074960998,-996520.9987577549,-0.7497758065171952,8400.603278116288,22.088,16.962,22.428,90.0,91.30999999999999,90.0
3690,3690.0,101.2375583858014,12.981274549179227,-996533.9872515874,-996521.0059770383,-0.702516237144196,8400.603278116288,22.088,16.962,22.428,90.0,91.30999999999999,90.0
3700,3700.0,97.71106389062652,12.529086705379402,-996533.5309372797,-996521.0018505743,-0.832487494821206,8400.603278116288,22.088,16.962,22.428,90.0,91.30999999999999,90.0
3710,3710.0,98.4742401648557,12.62694565124053,-996533.6144685159,-996520.9875228646,-0.8517468197383464,8400.603278116288,22.088,16.962,22.428,90.0,91.30999999999999,90.0
3720,3720.0,97.57950833275147,12.5122178788048,-996533.485465662,-996520.9732477831,-0.6357099589338618,8400.603278116288,22.088,16.962,22.428,90.0,91.30999999999999,90.0
3730,3730.0,96.65230497612913,12.393326416711584,-996533.3414711356,-996520.9481447189,-0.8309992661326093,8400.603278116288,22.088,16.962,22.428,90.0,91.30999999999999,90.0
3740,3740.0,99.39629899264246,12.745177451620188,-996533.6775938127,-996520.932416361,-0.7956837887138525,8400.603278116288,22.088,16.962,22.428,90.0,91.30999999999999,90.0
3750,3750.0,101.09139937849038,12.962533182516575,-996533.8849415893,-996520.9224084069,-0.5018918672571503,8400.603278116288,22.088,16.962,22.428,90.0,91.30999999999999,90.0
3760,3760.0,98.02653212225853,12.56953789554692,-996533.4989929372,-996520.9294550417,-0.6597304587923205,8400.603278116288,22.088,16.962,22.428,90.0,91.30999999999999,90.0
3770,3770.0,100.45927825817367,12.88147889849389,-996533.8127638682,-996520.9312849698,-0.7524238778158113,8400.603278116288,22.088,16.962,22.428,90.0,91.30999999999999,90.0
3780,3780.0,100.03951464310435,12.82765434148309,-996533.7386576744,-996520.9110033329,-0.6457455513195136,8400.603278116288,22.088,16.962,22.428,90.0,91.30999999999999,90.0
3790,3790.0,97.62510046676289,12.518063970100577,-996533.3870146296,-996520.8689506594,-0.6114587135159972,8400.603278116288,22.088,16.962,22.428,90.0,91.30999999999999,90.0
3800,3800.0,98.65310179286966,12.64988034007127,-996533.4911554637,-996520.8412751236,-0.6612565875072003,8400.603278116288,22.088,16.962,22.428,90.0,91.30999999999999,90.0
3810,3810.0,100.14570280630413,12.841270411668388,-996533.6899402371,-996520.8486698255,-0.6536079124087057,8400.603278116288,22.088,16.962,22.428,90.0,91.30999999999999,90.0
3820,3820.0,101.12822241078617,12.96725484806824,-996533.840111827,-996520.8728569789,-0.6166818575618994,8400.603278116288,22.088,16.962,22.428,90.0,91.30999999999999,90.0
3830,3830.0,99.44591726672243,12.751539798250812,-996533.6206502366,-996520.8691104384,-0.6862653788208655,8400.603278116288,22.088,16.962,22.428,90.0,91.30999999999999,90.0
3840,3840.0,99.4948067229366,12.757808691572574,-996533.6043738951,-996520.8465652035,-0.636939934300951,8400.603278116288,22.088,16.962,22.428,90.0,91.30999999999999,90.0
3850,3850.0,96.49581921284756,12.373260892724383,-996533.199504624,-996520.8262437313,-0.802957796698785,8400.603278116288,22.088,16.962,22.428,90.0,91.30999999999999,90.0
3860,3860.0,99.7050077857413,12.784761906864459,-996533.5889804629,-996520.804218556,-0.7370118706878842,8400.603278116288,22.088,16.962,22.428,90.0,91.30999999999999,90.0
3870,3870.0,101.84697309424676,13.059417283662112,-996533.8524320449,-996520.7930147613,-0.6514846251834885,8400.603278116288,22.088,16.962,22.428,90.0,91.30999999999999,90.0
3880,3880.0,98.85587543100196,12.675881167332435,-996533.4740971759,-996520.7982160086,-1.0024906301672598,8400.603278116288,22.088,16.962,22.428,90.0,91.30999999999999,90.0
3890,3890.0,101.60089293796922,13.027863440200477,-996533.8362283867,-996520.8083649465,-0.834695670841573,8400.603278116288,22.088,16.962,22.428,90.0,91.30999999999999,90.0
3900,3900.0,101.53587339201192,13.019526252000835,-996533.8599132476,-996520.8403869956,-0.6548811364378553,8400.603278116288,22.088,16.962,22.428,90.0,91.30999999999999,90.0
3910,3910.0,99.83174950369687,12.801013474601266,-996533.6661624049,-996520.8651489303,-0.8266189425983879,8400.603278116288,22.088,16.962,22.428,90.0,91.30999999999999,90.0
3920,3920.0,102.734071211321,13.17316621630543,-996534.0715882835,-996520.8984220672,-0.6345394011681867,8400.603278116288,22.088,16.962,22.428,90.0,91.30999999999999,90.0
3930,3930.0,100.99076496069863,12.949629246198068,-996533.8942413508,-996520.9446121047,-0.5008934558428698,8400.603278116288,22.088,16.962,22.428,90.0,91.30999999999999,90.0
3940,3940.0,100.40946470643793,12.875091512214905,-996533.8359167292,-996520.960825217,-0.44073868580648856,8400.603278116288,22.088,16.962,22.428,90.0,91.30999999999999,90.0
3950,3950.0,98.26376797848737,12.599957670892351,-996533.5393076406,-996520.9393499697,-0.595323070419614,8400.603278116288,22.088,16.962,22.428,90.0,91.30999999999999,90.0
3960,3960.0,99.30176559497116,12.733055823947568,-996533.6481284475,-996520.9150726235,-0.46550125000145554,8400.603278116288,22.088,16.962,22.428,90.0,91.30999999999999,90.0
3970,3970.0,98.79549032054584,12.668138233681999,-996533.57784407,-996520.9097058363,-0.40160229259584573,8400.603278116288,22.088,16.962,22.428,90.0,91.30999999999999,90.0
3980,3980.0,99.92063345682095,12.812410697301194,-996533.727939719,-996520.9155290216,-0.6114740842775187,8400.603278116288,22.088,16.962,22.428,90.0,91.30999999999999,90.0
3990,3990.0,99.5805274986575,12.76880031308088,-996533.6948489657,-996520.9260486526,-0.6156347311044775,8400.603278116288,22.088,16.962,22.428,90.0,91.30999999999999,90.0
4000,4000.0,100.99202825373507,12.949791233053576,-996533.8791295078,-996520.9293382748,-0.6078297922645142,8400.603278116288,22.088,16.962,22.428,90.0,91.30999999999999,90.0
4010,4010.0,103.75439188879024,13.303997728380798,-996534.253720762,-996520.9497230336,-0.6121658398191198,8400.603278116288,22.088,16.962,22.428,90.0,91.30999999999999,90.0
4020,4020.0,105.05892480452495,13.471272603512206,-996534.4463687545,-996520.975096151,-0.9950951853760861,8400.603278116288,22.088,16.962,22.428,90.0,91.30999999999999,90.0
4030,4030.0,103.45965712630769,13.266205105445419,-996534.2759739085,-996521.009768803,-0.8524381308863747,8400.603278116288,22.088,16.962,22.428,90.0,91.30999999999999,90.0
4040,4040.0,102.66048614546514,13.163730706818388,-996534.2178420854,-996521.0541113786,-0.5913039802350857,8400.603278116288,22.088,16.962,22.428,90.0,91.30999999999999,90.0
4050,4050.0,100.49722976824269,12.886345264095917,-996533.934566265,-996521.0482210008,-0.920714417470228,8400.603278116288,22.088,16.962,22.428,90.0,91.30999999999999,90.0
4060,4060.0,97.4525868925196,12.495943266021781,-996533.5201982673,-996521.0242550013,-0.7709237274377837,8400.603278116288,22.088,16.962,22.428,90.0,91.30999999999999,90.0
4070,4070.0,98.33436965440553,12.609010632592922,-996533.6301928732,-996521.0211822406,-0.5466754055761884,8400.603278116288,22.088,16.962,22.428,90.0,91.30999999999999,90.0
4080,4080.0,100.06756511132986,12.831251137327184,-996533.854165874,-996521.0229147366,-0.5987601859045704,8400.603278116288,22.088,16.962,22.428,90.0,91.30999999999999,90.0
4090,4090.0,98.18632097439885,12.590026960994617,-996533.6149856482,-996521.0249586873,-0.6845452359854218,8400.603278116288,22.088,16.962,22.428,90.0,91.30999999999999,90.0
4100,4100.0,99.79094811987761,12.795781681442783,-996533.8223363383,-996521.0265546569,-0.7041921764747966,8400.603278116288,22.088,16.962,22.428,90.0,91.30999999999999,90.0
4110,4110.0,97.81706559871488,12.542678867194814,-996533.5261560142,-996520.983477147,-0.6756815780103769,8400.603278116288,22.088,16.962,22.428,90.0,91.30999999999999,90.0
4120,4120.0,98.17850258467156,12.589024441127478,-996533.5457302936,-996520.9567058525,-0.7982994234263642,8400.603278116288,22.088,16.962,22.428,90.0,91.30999999999999,90.0
4130,4130.0,100.37102077879113,12.870162005937896,-996533.8271963585,-996520.9570343526,-0.6968849241184721,8400.603278116288,22.088,16.962,22.428,90.0,91.30999999999999,90.0
4140,4140.0,99.94346363212797,12.81533811651588,-996533.7644067396,-996520.9490686231,-0.5418302655588787,8400.603278116288,22.088,16.962,22.428,90.0,91.30999999999999,90.0
4150,4150.0,98.85924766127039,12.676313574510713,-996533.6200756808,-996520.9437621062,-0.3919942463211756,8400.603278116288,22.088,16.962,22.428,90.0,91.30999999999999,90.0
4160,4160.0,97.91959405483044,12.555825668235466,-996533.4703758148,-996520.9145501466,-0.49840006520615027,8400.603278116288,22.088,16.962,22.428,90.0,91.30999999999999,90.0
4170,4170.0,100.17189121451405,12.844628443236903,-996533.7290948787,-996520.8844664354,-0.42787676275287184,8400.603278116288,22.088,16.962,22.428,90.0,91.30999999999999,90.0
4180,4180.0,100.04449001039967,12.828292312310056,-996533.7007252089,-996520.8724328965,-0.335714143656124,8400.603278116288,22.088,16.962,22.428,90.0,91.30999999999999,90.0
4190,4190.0,98.03120753842587,12.57013740487792,-996533.4254523318,-996520.855314927,-0.5902001267782379,8400.603278116288,22.088,16.962,22.428,90.0,91.30999999999999,90.0
4200,4200.0,101.85168390564318,13.060021331577346,-996533.9442201839,-996520.8841988523,-0.6107506605551203,8400.603278116288,22.088,16.962,22.428,90.0,91.30999999999999,90.0
4210,4210.0,102.30203783810889,13.117768358815606,-996534.0161440448,-996520.898375686,-0.5169143618838948,8400.603278116288,22.088,16.962,22.428,90.0,91.30999999999999,90.0
4220,4220.0,99.64127278282567,12.776589430320845,-996533.6783491799,-996520.9017597496,-0.7383686252184323,8400.603278116288,22.088,16.962,22.428,90.0,91.30999999999999,90.0
4230,4230.0,99.09615868763693,12.706691698262691,-996533.5836905782,-996520.87699888,-0.8756508978690198,8400.603278116288,22.088,16.962,22.428,90.0,91.30999999999999,90.0
4240,4240.0,97.53800086747576,12.506895547733446,-996533.348676872,-996520.8417813242,-0.7244705120616867,8400.603278116288,22.088,16.962,22.428,90.0,91.30999999999999,90.0
4250,4250.0,96.62926087693944,12.390371566919772,-996533.2357867783,-996520.8454152114,-0.6625923258185683,8400.603278116288,22.088,16.962,22.428,90.0,91.30999999999999,90.0
4260,4260.0,99.39439611548399,12.74493345353073,-996533.5957946265,-996520.850861173,-0.5268351129973993,8400.603278116288,22.088,16.962,22.428,90.0,91.30999999999999,90.0
4270,4270.0,101.1202394811991,12.966231229933541,-996533.8063665852,-996520.8401353552,-0.42259015350255774,8400.603278116288,22.088,16.962,22.428,90.0,91.30999999999999,90.0
4280,4280.0,100.73677184718377,12.917060756867535,-996533.7527964755,-996520.8357357187,-0.6437998140045601,8400.603278116288,22.088,16.962,22.428,90.0,91.30999999999999,90.0
4290,4290.0,100.57805540025825,12.896709201517309,-996533.7295261711,-996520.8328169696,-0.5274232839697152,8400.603278116288,22.088,16.962,22.428,90.0,91.30999999999999,90.0
4300,4300.0,99.49158991236726,12.757396213221268,-996533.5873934173,-996520.829997204,-0.47932792280181635,8400.603278116288,22.088,16.962,22.428,90.0,91.30999999999999,90.0
4310,4310.0,98.45336239949432,12.6242685815003,-996533.4563966955,-996520.832128114,-0.6974610504959025,8400.603278116288,22.088,16.962,22.428,90.0,91.30999999999999,90.0
4320,4320.0,101.53796160034908,13.01979401434292,-996533.8435873181,-996520.8237933037,-0.704277102626117,8400.603278116288,22.088,16.962,22.428,90.0,91.30999999999999,90.0
4330,4330.0,101.10138045621959,12.963813014946016,-996533.8126623986,-996520.8488493836,-0.601214910249466,8400.603278116288,22.088,16.962,22.428,90.0,91.30999999999999,90.0
4340,4340.0,103.89369941469766,13.321860557842566,-996534.174968025,-996520.8531074671,-0.8903168102706074,8400.603278116288,22.088,16.962,22.428,90.0,91.30999999999999,90.0
4350,4350.0,100.33629847793877,12.865709708514583,-996533.725906421,-996520.8601967124,-0.8728125890516655,8400.603278116288,22.088,16.962,22.428,90.0,91.30999999999999,90.0
4360,4360.0,101.80788949985406,13.054405755556633,-996533.9515186729,-996520.8971129173,-0.7350952931342007,8400.603278116288,22.088,16.962,22.428,90.0,91.30999999999999,90.0
4370,4370.0,102.18589812467393,13.102876242389637,-996534.00573501,-996520.9028587677,-0.757255573514234,8400.603278116288,22.088,16.962,22.428,90.0,91.30999999999999,90.0
4380,4380.0,100.69218223809406,12.91134321520747,-996533.810966895,-996520.8996236798,-0.6005402217078764,8400.603278116288,22.088,16.962,22.428,90.0,91.30999999999999,90.0
4390,4390.0,101.81687799972836,13.05555831382171,-996533.978351202,-996520.9227928881,-0.6417299639228309,8400.603278116288,22.088,16.962,22.428,90.0,91.30999999999999,90.0
4400,4400.0,97.46615226542885,12.497682697838437,-996533.4153122645,-996520.9176295666,-0.7043321203174978,8400.603278116288,22.088,16.962,22.428,90.0,91.30999999999999,90.0
4410,4410.0,98.44690830647981,12.623440999773486,-996533.5472756313,-996520.9238346316,-0.7090334250681596,8400.603278116288,22.088,16.962,22.428,90.0,91.30999999999999,90.0
4420,4420.0,98.40286152435546,12.617793062576252,-996533.5612332697,-996520.9434402072,-0.8544309341286871,8400.603278116288,22.088,16.962,22.428,90.0,91.30999999999999,90.0
4430,4430.0,101.04082211216735,12.956047868266065,-996533.9132202974,-996520.9571724292,-0.7326170837506525,8400.603278116288,22.088,16.962,22.428,90.0,91.30999999999999,90.0
4440,4440.0,98.29138633883181,12.603499059325122,-996533.577988928,-996520.9744898686,-0.5711669698996963,8400.603278116288,22.088,16.962,22.428,90.0,91.30999999999999,90.0
4450,4450.0,100.07577177468801,12.832303443920543,-996533.7759698562,-996520.9436664123,-0.689877022986902,8400.603278116288,22.088,16.962,22.428,90.0,91.30999999999999,90.0
4460,4460.0,101.10587700045144,12.964389588266501,-996533.9096029273,-996520.9452133391,-0.6040938195592511,8400.603278116288,22.088,16.962,22.428,90.0,91.30999999999999,90.0
4470,4470.0,97.94422571030579,12.558984083821782,-996533.5160700493,-996520.9570859654,-0.663775365776994,8400.603278116288,22.088,16.962,22.428,90.0,91.30999999999999,90.0
4480,4480.0,98.43373201584589,12.621751458372191,-996533.592552778,-996520.9708013196,-0.6928093448236529,8400.603278116288,22.088,16.962,22.428,90.0,91.30999999999999,90.0
4490,4490.0,97.82415253189409,12.543587595405745,-996533.5092152875,-996520.965627692,-0.6108999852222817,8400.603278116288,22.088,16.962,22.428,90.0,91.30999999999999,90.0
4500,4500.0,101.61790050855129,13.030044250827093,-996534.0009421975,-996520.9708979467,-0.5399209272808001,8400.603278116288,22.088,16.962,22.428,90.0,91.30999999999999,90.0
4510,4510.0,98.90313234987129,12.681940727124001,-996533.6407079787,-996520.9587672516,-0.40956266506530153,8400.603278116288,22.088,16.962,22.428,90.0,91.30999999999999,90.0
4520,4520.0,100.40563638829995,12.874600622770286,-996533.8444358389,-996520.9698352161,-0.4045117511307596,8400.603278116288,22.088,16.962,22.428,90.0,91.30999999999999,90.0
4530,4530.0,99.61664766041716,12.773431852442744,-996533.7414498795,-996520.968018027,-0.6795373372046513,8400.603278116288,22.088,16.962,22.428,90.0,91.30999999999999,90.0
4540,4540.0,102.6893744341483,13.167434932924108,-996534.1313895448,-996520.9639546119,-0.8714464603367261,8400.603278116288,22.088,16.962,22.428,90.0,91.30999999999999,90.0
4550,4550.0,100.78471847064738,12.923208754634484,-996533.9006732125,-996520.9774644579,-0.4304767550116279,8400.603278116288,22.088,16.962,22.428,90.0,91.30999999999999,90.0
4560,4560.0,99.06023703108629,12.702085612405028,-996533.661520477,-996520.9594348646,-0.4837829344607408,8400.603278116288,22.088,16.962,22.428,90.0,91.30999999999999,90.0
4570,4570.0,100.54722575238158,12.8927560429295,-996533.8653796318,-996520.9726235889,-0.6238320576278339,8400.603278116288,22.088,16.962,22.428,90.0,91.30999999999999,90.0
4580,4580.0,98.48733269668395,12.628624452595641,-996533.610777384,-996520.9821529314,-0.4972578530452577,8400.603278116288,22.088,16.962,22.428,90.0,91.30999999999999,90.0
4590,4590.0,100.69197011513188,12.911316015554949,-996533.9001025993,-996520.9887865838,-0.6490790424130964,8400.603278116288,22.088,16.962,22.428,90.0,91.30999999999999,90.0
4600,4600.0,100.15742174320195,12.842773082611078,-996533.8451433326,-996521.00237025,-0.7313327775676084,8400.603278116288,22.088,16.962,22.428,90.0,91.30999999999999,90.0
4610,4610.0,102.6158510430232,13.158007331733407,-996534.1600292146,-996521.0020218828,-0.84762119429947,8400.603278116288,22.088,16.962,22.428,90.0,91.30999999999999,90.0
4620,4620.0,99.73736516797673,12.788910960527824,-996533.798929533,-996521.0100185724,-0.7161988477387139,8400.603278116288,22.088,16.962,22.428,90.0,91.30999999999999,90.0
4630,4630.0,98.48488943844909,12.628311163669604,-996533.6229503981,-996520.9946392345,-0.7389604107261264,8400.603278116288,22.088,16.962,22.428,90.0,91.30999999999999,90.0
4640,4640.0,101.83281018510107,13.057601232238442,-996534.0718125907,-996521.0142113585,-0.846358546968392,8400.603278116288,22.088,16.962,22.428,90.0,91.30999999999999,90.0
4650,4650.0,100.94518656917424,12.943784917044718,-996533.959657564,-996521.0158726469,-0.8460120673609574,8400.603278116288,22.088,16.962,22.428,90.0,91.30999999999999,90.0
4660,4660.0,101.34427595989906,12.994958503540364,-996534.0246585505,-996521.029700047,-0.8555407058627871,8400.603278116288,22.088,16.962,22.428,90.0,91.30999999999999,90.0
4670,4670.0,100.78741498084085,12.923554517014614,-996533.9770876563,-996521.0535331393,-0.7204650463273771,8400.603278116288,22.088,16.962,22.428,90.0,91.30999999999999,90.0
4680,4680.0,99.671050456194,12.780407698556404,-996533.8332758873,-996521.0528681887,-0.6795120395891443,8400.603278116288,22.088,16.962,22.428,90.0,91.30999999999999,90.0
4690,4690.0,102.28626073307133,13.115745325710607,-996534.1645186488,-996521.0487733231,-0.3776801512533295,8400.603278116288,22.088,16.962,22.428,90.0,91.30999999999999,90.0
4700,4700.0,100.4280393040726,12.877473256257144,-996533.925696628,-996521.0482233719,-0.49582121275527113,8400.603278116288,22.088,16.962,22.428,90.0,91.30999999999999,90.0
4710,4710.0,96.42008113064644,12.36354931083168,-996533.3865762374,-996521.0230269266,-0.6943643898421703,8400.603278116288,22.088,16.962,22.428,90.0,91.30999999999999,90.0
4720,4720.0,95.62109238317599,12.261098279238317,-996533.2470440714,-996520.9859457922,-0.6292365414982739,8400.603278116288,22.088,16.962,22.428,90.0,91.30999999999999,90.0
4730,4730.0,98.0534464454614,12.572989008200885,-996533.532101537,-996520.9591125288,-0.6368104130013351,8400.603278116288,22.088,16.962,22.428,90.0,91.30999999999999,90.0
4740,4740.0,94.73605719874791,12.147613867939478,-996533.092548271,-996520.944934403,-0.605305676957326,8400.603278116288,22.088,16.962,22.428,90.0,91.30999999999999,90.0
4750,4750.0,96.78353134296651,12.410153032477202,-996533.3200381399,-996520.9098851074,-0.5761398843636524,8400.603278116288,22.088,16.962,22.428,90.0,91.30999999999999,90.0
4760,4760.0,99.20774895281646,12.72100045770344,-996533.6182136651,-996520.8972132074,-0.5765021822354607,8400.603278116288,22.088,16.962,22.428,90.0,91.30999999999999,90.0
4770,4770.0,101.2265320349786,12.97986068569231,-996533.898148078,-996520.9182873924,-0.6827306997391452,8400.603278116288,22.088,16.962,22.428,90.0,91.30999999999999,90.0
4780,4780.0,101.93192946491766,13.070310888663705,-996533.9962667847,-996520.925955896,-0.6990895647503768,8400.603278116288,22.088,16.962,22.428,90.0,91.30999999999999,90.0
4790,4790.0,99.652990541387,12.778091950170307,-996533.7072453144,-996520.9291533642,-0.8122161285115356,8400.603278116288,22.088,16.962,22.428,90.0,91.30999999999999,90.0
4800,4800.0,100.35468952080673,12.868067916086172,-996533.7816635174,-996520.9135956012,-0.8851786401692232,8400.603278116288,22.088,16.962,22.428,90.0,91.30999999999999,90.0
4810,4810.0,98.38549949503073,12.61556680116706,-996533.516591692,-996520.9010248908,-0.6103774990449062,8400.603278116288,22.088,16.962,22.428,90.0,91.30999999999999,90.0
4820,4820.0,98.03775523338295,12.57097698879576,-996533.4795621901,-996520.9085852014,-0.636353147680584,8400.603278116288,22.088,16.962,22.428,90.0,91.30999999999999,90.0
4830,4830.0,101.48255318659203,13.012689221983413,-996533.9154668261,-996520.9027776041,-0.7734380644380549,8400.603278116288,22.088,16.962,22.428,90.0,91.30999999999999,90.0
4840,4840.0,101.99559881797586,13.078474947196879,-996534.0031002793,-996520.924625332,-0.6057571809884478,8400.603278116288,22.088,16.962,22.428,90.0,91.30999999999999,90.0
4850,4850.0,101.27427731669206,12.985982866237087,-996533.9299375188,-996520.9439546525,-0.7055473967939001,8400.603278116288,22.088,16.962,22.428,90.0,91.30999999999999,90.0
4860,4860.0,99.5413391520148,12.763775353026443,-996533.6952355297,-996520.9314601767,-0.6653466359983985,8400.603278116288,22.088,16.962,22.428,90.0,91.30999999999999,90.0
4870,4870.0,94.10894283555518,12.06720157973202,-996532.9830997965,-996520.9158982168,-0.4505937520903857,8400.603278116288,22.088,16.962,22.428,90.0,91.30999999999999,90.0
4880,4880.0,97.68033657651779,12.525146668628572,-996533.4449264884,-996520.9197798198,-0.5380698037386111,8400.603278116288,22.088,16.962,22.428,90.0,91.30999999999999,90.0
4890,4890.0,102.22052784867392,13.107316669065012,-996534.0617242682,-996520.9544075992,-0.697557292443654,8400.603278116288,22.088,16.962,22.428,90.0,91.30999999999999,90.0
4900,4900.0,100.20274821393858,12.84858510900088,-996533.8118090208,-996520.9632239118,-0.6022053588013906,8400.603278116288,22.088,16.962,22.428,90.0,91.30999999999999,90.0
4910,4910.0,102.4756880773695,13.140034812761307,-996534.0830783023,-996520.9430434896,-0.7461161210921781,8400.603278116288,22.088,16.962,22.428,90.0,91.30999999999999,90.0
4920,4920.0,101.27731797649517,12.986372757502188,-996533.931298249,-996520.9449254916,-0.8528886496429643,8400.603278116288,22.088,16.962,22.428,90.0,91.30999999999999,90.0
4930,4930.0,99.56350160599459,12.766617153089408,-996533.708355872,-996520.9417387189,-0.6567380943514641,8400.603278116288,22.088,16.962,22.428,90.0,91.30999999999999,90.0
4940,4940.0,101.1462889571709,12.969571446794198,-996533.9283924774,-996520.9588210307,-0.7452011706289232,8400.603278116288,22.088,16.962,22.428,90.0,91.30999999999999,90.0
4950,4950.0,101.70354934034766,13.041026647262694,-996534.0272153161,-996520.9861886688,-0.661160596545958,8400.603278116288,22.088,16.962,22.428,90.0,91.30999999999999,90.0
4960,4960.0,103.39465108269238,13.257869648595399,-996534.2738140933,-996521.0159444447,-0.6268870283974388,8400.603278116288,22.088,16.962,22.428,90.0,91.30999999999999,90.0
4970,4970.0,100.6626075379265,12.907550973388267,-996533.9149813055,-996521.0074303321,-0.7836589801546602,8400.603278116288,22.088,16.962,22.428,90.0,91.30999999999999,90.0
4980,4980.0,100.32278341811951,12.863976728137935,-996533.86146631,-996520.9974895818,-0.6070869831701038,8400.603278116288,22.088,16.962,22.428,90.0,91.30999999999999,90.0
4990,4990.0,101.9515999143097,13.07283314925686,-996534.0395427189,-996520.9667095697,-0.5929600641963656,8400.603278116288,22.088,16.962,22.428,90.0,91.30999999999999,90.0
5000,5000.0,100.79124867215991,12.924046095440083,-996533.8848195475,-996520.9607734521,-0.5674692938159567,8400.603278116288,22.088,16.962,22.428,90.0,91.30999999999999,90.0
